{
    "employee_id": 199,
    "ScorecardResult": {
        "ScorecardResult_ID": "fbc5070a-0b5e-4e75-b7e6-ee148688696e",
        "ScorecardResult": "Scorecard result id"
    },
    "Scorecard": {
        "Scorecard_ID": "c4477a14-3ad7-4254-ab08-fcb9cba64a9b",
        "scorecardName": "Scorecard 9489",
        "scorecardDescription": "Synthetic data for testing scorecards.",
        "inactive": false,
        "defaultScorecardGoals": [
            {
                "goalID": "10ba8779-b73f-416d-9088-f1a01e4a8eb2",
                "goalName": "Goal 1",
                "goalWeight": 0.19
            }
        ],
        "scorecardProfiles": [
            {
                "profileID": "d4f71dc0-b421-488f-9c85-5d8857575a10",
                "profileName": "Profile 1",
                "profileScorecardGoals": [
                    {
                        "goalID": "61c08c34-0cde-48ad-87aa-b5e77b215d5f",
                        "goalName": "Goal 1",
                        "goalWeight": 0.69
                    }
                ]
            },
            {
                "profileID": "cfc21dd7-6137-46ab-9911-9e263ea4f2c2",
                "profileName": "Profile 2",
                "profileScorecardGoals": [
                    {
                        "goalID": "9203a418-6458-4553-a8d3-a26c6da35cb8",
                        "goalName": "Goal 1",
                        "goalWeight": 0.94
                    },
                    {
                        "goalID": "4344e217-3188-478d-8cd0-d6defdda6985",
                        "goalName": "Goal 2",
                        "goalWeight": 0.73
                    },
                    {
                        "goalID": "0fc6ce17-c484-4a96-983a-095c2d4c3116",
                        "goalName": "Goal 3",
                        "goalWeight": 0.95
                    }
                ]
            },
            {
                "profileID": "c50a9024-74d7-446e-b34d-9d1b618999d2",
                "profileName": "Profile 3",
                "profileScorecardGoals": [
                    {
                        "goalID": "0519e9d7-8f05-45cb-9cdb-a742927bacba",
                        "goalName": "Goal 1",
                        "goalWeight": 0.61
                    },
                    {
                        "goalID": "d6c94778-333e-4f5e-bfca-e904a4eb3710",
                        "goalName": "Goal 2",
                        "goalWeight": 0.15
                    },
                    {
                        "goalID": "176c897c-a921-4a27-b8e6-7c0b73b78f09",
                        "goalName": "Goal 3",
                        "goalWeight": 0.99
                    },
                    {
                        "goalID": "b87c517a-9976-4364-b051-2ce478998c4e",
                        "goalName": "Goal 4",
                        "goalWeight": 0.41
                    }
                ]
            }
        ],
        "effectiveDate": "2024-08-01"
    }
}
