{
    "id": 200,
    "first_name": "Kimberly",
    "last_name": "Bridges",
    "email": "davidwilliams@example.com",
    "job_title": "HR Manager",
    "department": "Finance",
    "start_date": "2024-01-28",
    "end_date": null,
    "business_title_changes": [],
    "direct_reports": [
        153,
        186
    ],
    "history": [
        {
            "event_type": "Resignation",
            "event_date": "2023-02-15",
            "description": "Employee transferred in Engineering."
        },
        {
            "event_type": "Promotion",
            "event_date": "2021-10-12",
            "description": "Employee left the company in Finance."
        },
        {
            "event_type": "Demotion",
            "event_date": "2022-12-23",
            "description": "Employee promoted in Engineering."
        }
    ],
    "inbox_tasks": [
        {
            "task_id": "9c26a863-db4e-4f15-a693-25504770beca",
            "task_name": "Complete Code Review",
            "due_date": "2025-01-26"
        },
        {
            "task_id": "fb48e36b-7105-48d1-9bf6-4cb7e43f2857",
            "task_name": "Client Follow-up",
            "due_date": "2025-01-10"
        },
        {
            "task_id": "aa834cc3-a266-48cf-b7f9-614d116351ac",
            "task_name": "Complete Report",
            "due_date": "2025-01-03"
        },
        {
            "task_id": "32f16be1-2267-4a54-8692-b4919c5c2331",
            "task_name": "Client Follow-up",
            "due_date": "2025-01-05"
        },
        {
            "task_id": "fea7100d-d9c5-48c1-8bba-e54718d0ffcf",
            "task_name": "Complete Report",
            "due_date": "2025-01-17"
        }
    ],
    "pay_slips": [
        {
            "pay_period_start": "2025-01-12",
            "pay_period_end": "2025-01-19",
            "amount": 9412.78,
            "currency": "USD"
        },
        {
            "pay_period_start": "2025-01-27",
            "pay_period_end": "2025-01-10",
            "amount": 9351.16,
            "currency": "USD"
        },
        {
            "pay_period_start": "2025-01-18",
            "pay_period_end": "2025-01-17",
            "amount": 3812.28,
            "currency": "USD"
        }
    ],
    "supervisory_organizations_managed": [
        {
            "organization_id": 8,
            "organization_name": "Marketing",
            "organization_type": "Core"
        }
    ],
    "time_off_plans": [
        {
            "plan_type": "Vacation",
            "start_date": "2025-01-12",
            "end_date": "2025-01-11"
        },
        {
            "plan_type": "Sick Leave",
            "start_date": "2025-01-20",
            "end_date": "2025-01-18"
        }
    ],
    "job_change_reasons": [
        "Health Reasons"
    ],
    "organization_types": [
        "Legal"
    ]
}