{
    "country_data": {
        "id": "Canada",
        "name": "Canada",
        "code": "CAN",
        "address_components": [
            {
                "name": "Street",
                "required": true,
                "format": "757 Bryant Isle Suite 898"
            },
            {
                "name": "City",
                "required": true,
                "format": "Vangfort"
            },
            {
                "name": "Postal Code",
                "required": true,
                "format": "29614"
            },
            {
                "name": "State",
                "required": true,
                "format": "Texas"
            }
        ],
        "name_components": [
            {
                "name": "First Name",
                "required": true
            },
            {
                "name": "Last Name",
                "required": true
            },
            {
                "name": "Middle Name",
                "required": false
            }
        ]
    },
    "home_contact_change": {
        "id": "4668a872-b967-4db5-98d1-99016d1f80f7",
        "addresses": [
            {
                "id": "8057e8af-242e-436a-aff3-84ca69b1ffbd",
                "address": "4350 Lamb Place\nPearsonborough, AL 42075",
                "changeStatus": "new"
            }
        ],
        "emailAddresses": [
            {
                "id": "bb27ec7f-d6b2-456f-a0ed-b92a42149f74",
                "email": "adamstony@example.org",
                "changeStatus": "new"
            }
        ],
        "phoneNumbers": [
            {
                "id": "ad350ea0-ce98-4f5a-9dfe-8318fee3565f",
                "phoneNumber": "001-859-378-7543",
                "changeStatus": "new"
            }
        ],
        "instantMessengers": [
            {
                "id": "d15a4962-b9a6-48d3-967a-0bef24359746",
                "username": "jeromeharris",
                "changeStatus": "new"
            }
        ],
        "webAddresses": [
            {
                "id": "ab804e6a-2032-4ed7-8745-95593e7ca394",
                "webAddress": "http://www.barr.info/",
                "changeStatus": "new"
            }
        ]
    },
    "person_data": {
        "id": "9870e58e-28b2-41b6-b801-ea22945d4ec5",
        "first_name": "Angela",
        "last_name": "Morrison",
        "email": "priscilla82@example.org",
        "phone_number": "001-825-639-4709x10330",
        "address": "PSC 5289, Box 1180\nAPO AA 45624",
        "work_email": "katherine32@example.net",
        "work_phone_number": "598-461-4198",
        "work_address": "498 Sanchez Loop Apt. 675\nWest Steven, PA 78991",
        "preferred_name": "Brenda",
        "job_title": "Designer, ceramics/pottery",
        "department": "Fry-Miller",
        "hire_date": "2020-05-04",
        "manager": "Melody Coleman",
        "employee_status": "Retired",
        "date_of_birth": "2006-04-02"
    },
    "work_contact_change": {
        "id": "33f5472b-3541-4791-9648-2656b2f353e4",
        "addresses": [
            {
                "id": "8025925b-d1ed-4936-bda9-0cd83478a0f1",
                "address": "77315 Adkins Meadow Suite 409\nJosephside, NV 91260",
                "changeStatus": "new"
            }
        ],
        "emailAddresses": [
            {
                "id": "bf6578d7-81b5-44e5-85ef-8559f602ed49",
                "email": "mcneilmark@example.org",
                "changeStatus": "new"
            }
        ],
        "phoneNumbers": [
            {
                "id": "8d516c27-0aeb-41ad-a2ad-325cd8ce2edd",
                "phoneNumber": "203.735.2164x57591",
                "changeStatus": "new"
            }
        ],
        "instantMessengers": [
            {
                "id": "1301e533-d16c-4f0f-b6f4-4b614cb904e2",
                "username": "davisdavid",
                "changeStatus": "new"
            }
        ],
        "webAddresses": [
            {
                "id": "ee591cdc-660b-4689-89da-090b95a4f6f7",
                "webAddress": "https://gonzalez.com/",
                "changeStatus": "new"
            }
        ]
    }
}