[
    {
        "employee_id": 0,
        "workers": {
            "business_title_changes": [
                {
                    "change_date": "2022-09-13 00:00:00",
                    "old_title": "Senior Engineer",
                    "new_title": "Lead Engineer"
                },
                {
                    "change_date": "2021-07-03 00:00:00",
                    "old_title": "Engineer",
                    "new_title": "Senior Engineer"
                }
            ],
            "direct_reports": [],
            "history": [],
            "inbox_tasks": [
                {
                    "task_id": "40701fe6-fc0c-4d7f-890e-276e4af5339e",
                    "task_name": "Attend Meeting",
                    "due_date": "2025-01-07 00:00:00"
                },
                {
                    "task_id": "58c21079-2f03-4a86-9d18-1b9779fd3cd5",
                    "task_name": "Attend Meeting",
                    "due_date": "2025-01-06 00:00:00"
                },
                {
                    "task_id": "0b435293-48e0-4012-9799-b6ffd6573264",
                    "task_name": "Complete Code Review",
                    "due_date": "2025-01-09 00:00:00"
                },
                {
                    "task_id": "e6237ce3-ce6b-4cc1-b32f-89eb0683dd35",
                    "task_name": "Complete Report",
                    "due_date": "2025-01-13 00:00:00"
                },
                {
                    "task_id": "3bf7d71b-b8e6-43d6-b67b-7f9b2d02ab5b",
                    "task_name": "Complete Report",
                    "due_date": "2025-01-08 00:00:00"
                }
            ],
            "pay_slips": [
                {
                    "pay_period_start": "2025-01-03 00:00:00",
                    "pay_period_end": "2025-01-04 00:00:00",
                    "amount": 6775.95,
                    "currency": "USD"
                }
            ],
            "supervisory_organizations_managed": [],
            "time_off_plans": [
                {
                    "plan_type": "Vacation",
                    "start_date": "2025-01-11 00:00:00",
                    "end_date": "2025-01-24 00:00:00"
                }
            ]
        },
        "job_change_reasons": "Workplace Relocation",
        "organization_types": "FMCG"
    },
    {
        "employee_id": 1,
        "workers": {
            "business_title_changes": [
                {
                    "change_date": "2022-09-10 00:00:00",
                    "old_title": "Senior Engineer",
                    "new_title": "Senior Product Manager"
                },
                {
                    "change_date": "2021-12-22 00:00:00",
                    "old_title": "Engineer",
                    "new_title": "Senior Engineer"
                }
            ],
            "direct_reports": [],
            "history": [],
            "inbox_tasks": [
                {
                    "task_id": "2169c654-e8e3-40a4-9077-5099086388fd",
                    "task_name": "Attend Meeting",
                    "due_date": "2025-01-14 00:00:00"
                },
                {
                    "task_id": "7a56953f-14e8-4d07-9a3a-057cd7666fa7",
                    "task_name": "Attend Meeting",
                    "due_date": "2025-01-04 00:00:00"
                },
                {
                    "task_id": "ff9817d0-dfd0-4e28-a9b9-bac4fb2c0836",
                    "task_name": "Attend Meeting",
                    "due_date": "2025-01-02 00:00:00"
                },
                {
                    "task_id": "8d731214-8656-4b57-b151-9f4133c02b91",
                    "task_name": "Complete Code Review",
                    "due_date": "2025-01-09 00:00:00"
                },
                {
                    "task_id": "4d9e0426-5eac-4b5b-bfb0-5b153b22e773",
                    "task_name": "Complete Report",
                    "due_date": "2025-01-03 00:00:00"
                }
            ],
            "pay_slips": [
                {
                    "pay_period_start": "2025-01-03 00:00:00",
                    "pay_period_end": "2025-01-06 00:00:00",
                    "amount": 6256.13,
                    "currency": "USD"
                }
            ],
            "supervisory_organizations_managed": [],
            "time_off_plans": [
                {
                    "plan_type": "Vacation",
                    "start_date": "2025-01-16 00:00:00",
                    "end_date": "2025-01-29 00:00:00"
                }
            ]
        },
        "job_change_reasons": "Termination",
        "organization_types": "Engineering"
    }
]