{
    "jobs": [
        {
            "id": "c3525071-1cbd-49bd-a3ba-fa70873368c7",
            "title": "Toxicologist",
            "payGroup": {
                "id": 8,
                "name": "Pay Group 8"
            }
        },
        {
            "id": "3f6fa0e7-7e02-4720-8a8f-4917ebcd7f5c",
            "title": "Psychologist, sport and exercise",
            "payGroup": {
                "id": 7,
                "name": "Pay Group 7"
            }
        },
        {
            "id": "6c1076bb-db9c-4239-9413-b85ee873ae4f",
            "title": "Secretary/administrator",
            "payGroup": {
                "id": 10,
                "name": "Pay Group 10"
            }
        },
        {
            "id": "2ff708c4-262f-4ea0-84ac-4750a8573237",
            "title": "Health and safety adviser",
            "payGroup": {
                "id": 10,
                "name": "Pay Group 10"
            }
        },
        {
            "id": "9476cac4-3f83-45aa-b44a-2bf43c121a38",
            "title": "Research scientist (medical)",
            "payGroup": {
                "id": 10,
                "name": "Pay Group 10"
            }
        }
    ],
    "payGroupDetails": [
        {
            "id": 6,
            "name": "Pay Group 6",
            "active": false,
            "currency": "LRD",
            "payrollFrequency": "Bi-Weekly"
        },
        {
            "id": 1,
            "name": "Pay Group 1",
            "active": true,
            "currency": "ERN",
            "payrollFrequency": "Monthly"
        },
        {
            "id": 2,
            "name": "Pay Group 2",
            "active": true,
            "currency": "LBP",
            "payrollFrequency": "Bi-Weekly"
        },
        {
            "id": 5,
            "name": "Pay Group 5",
            "active": false,
            "currency": "MRO",
            "payrollFrequency": "Monthly"
        },
        {
            "id": 3,
            "name": "Pay Group 3",
            "active": true,
            "currency": "JOD",
            "payrollFrequency": "Bi-Weekly"
        },
        {
            "id": 5,
            "name": "Pay Group 5",
            "active": true,
            "currency": "KGS",
            "payrollFrequency": "Bi-Weekly"
        },
        {
            "id": 5,
            "name": "Pay Group 5",
            "active": false,
            "currency": "KMF",
            "payrollFrequency": "Weekly"
        },
        {
            "id": 1,
            "name": "Pay Group 1",
            "active": false,
            "currency": "TND",
            "payrollFrequency": "Monthly"
        },
        {
            "id": 10,
            "name": "Pay Group 10",
            "active": true,
            "currency": "JEP",
            "payrollFrequency": "Bi-Weekly"
        },
        {
            "id": 4,
            "name": "Pay Group 4",
            "active": false,
            "currency": "TRY",
            "payrollFrequency": "Bi-Weekly"
        }
    ],
    "payrollInputs": [
        {
            "jobId": "c3525071-1cbd-49bd-a3ba-fa70873368c7",
            "inputType": "surface",
            "amount": 1480.34,
            "effectiveDate": "2025-01-14"
        },
        {
            "jobId": "3f6fa0e7-7e02-4720-8a8f-4917ebcd7f5c",
            "inputType": "near",
            "amount": 4428.92,
            "effectiveDate": "2025-01-02"
        },
        {
            "jobId": "6c1076bb-db9c-4239-9413-b85ee873ae4f",
            "inputType": "third",
            "amount": 2090.82,
            "effectiveDate": "2025-01-07"
        },
        {
            "jobId": "2ff708c4-262f-4ea0-84ac-4750a8573237",
            "inputType": "author",
            "amount": 2512.04,
            "effectiveDate": "2025-01-19"
        },
        {
            "jobId": "9476cac4-3f83-45aa-b44a-2bf43c121a38",
            "inputType": "author",
            "amount": 2522.81,
            "effectiveDate": "2025-01-07"
        }
    ],
    "taxRates": [
        {
            "id": "31f54d5d-986c-4e75-9e9b-05a8773dfe6e",
            "companySUI": 1.02,
            "state": "MT",
            "effectiveDate": "2025-01-27"
        },
        {
            "id": "70bbd5fb-dd1e-4ce8-b4b3-d328ef534cc5",
            "companySUI": 4.33,
            "state": "MN",
            "effectiveDate": "2025-01-26"
        },
        {
            "id": "d1ffe38b-5c60-4b29-a468-bb14b0afb670",
            "companySUI": 2.81,
            "state": "DC",
            "effectiveDate": "2025-01-13"
        }
    ]
}