EmpID,FirstName,LastName,StartDate,ExitDate,Title,Supervisor,ADEmail,BusinessUnit,EmployeeStatus,EmployeeType,PayZone,EmployeeClassificationType,TerminationType,TerminationDescription,DepartmentType,Division,DOB,State,JobFunctionDescription,GenderCode,LocationCode,RaceDesc,MaritalDesc,Performance Score,Current Employee Rating,Skills,Certifications,is_mentor,mentor_name
1,Evan,Walker,4/21/2011,,Chief Technology Officer (CTO),,cto@company.com,Executive,Active,Full-Time,Zone B,Permanent,,,Executive,Technology,1/12/1976,FL,CTO,Female,32947,Hispanic or Latino,Married,Exceeds,5,"Leadership, Strategic Thinking, Technology Visioning","CISSP, PMP, TOGAF, AWS Certified Solutions Architect, CSM, ITIL",True,
2,Timothy,Lucas,12/6/2011,,Product Manager,1.0,james.fowler@company.com,Executive,Active,Full-Time,Zone B,Permanent,,,Senior Management,Technology,26-03-1987,CA,Senior Management,Male,76801,White,Divorced,Fully Meets,4,"Agile Methodologies, Stakeholder Management, Market Research and Analysis, Product Lifecycle Management","Product Management Certification (General Assembly), Certified Scrum Product Owner (CSPO), Pragmatic Institute Certification, Lean Product and Lean Analytics Certification",True,5.0
3,Thomas,Coleman,8/22/2015,,Director,1.0,leslie.ho@company.com,Executive,Active,Full-Time,Zone C,Permanent,,,Senior Management,Technology,25-08-1981,TX,Senior Management,Non-Binary,53716,Asian,Divorced,Meets,2,"Budgeting and Financial Management, Strategic Vision and Planning, Performance Measurement and KPIs, Operational Excellence, Project Management, Change Management, Risk Assessment and Mitigation, Leadership and Team Building, Stakeholder Engagement and Relationship Management","Certified Project Management Professional (PMP), Business Analysis Certification (IIBA), Lean Six Sigma Black Belt, Certified Management Consultant (CMC), Certified ScrumMaster (CSM), ITIL Foundation Certification",True,5.0
4,Jeffrey,Patel,3/31/2014,,Product Manager,1.0,vickie.taylor@company.com,Executive,Active,Full-Time,Zone C,Permanent,,,Senior Management,Technology,27-02-1987,MA,Senior Management,Non-Binary,24753,White,Married,Meets,2,"Agile Methodologies, User Experience (UX) Design Principles","Certified Scrum Product Owner (CSPO), Product Management Certification (General Assembly), Pragmatic Institute Certification",False,1.0
5,Wanda,Farmer,8/22/2011,,Director,1.0,eric.rodriguez@company.com,Executive,Active,Full-Time,Zone B,Permanent,,,Senior Management,Technology,25-11-1979,NY,Senior Management,Female,56801,Hispanic or Latino,Widowed,Needs Improvement,3,"Risk Assessment and Mitigation, Leadership and Team Building, Operational Excellence, Strategic Vision and Planning, Cross-Functional Collaboration, Project Management","Lean Six Sigma Black Belt, ITIL Foundation Certification",True,1.0
6,Luke,Jones,7/1/2016,,Solution Architect,4.0,mitchell.anderson@company.com,Technical Services,Active,Full-Time,Zone B,Permanent,,,Development,Engineering,30-07-1996,CA,Solution Architect,Female,94470,White,Single,Meets,1,"Systems Integration, Architecture Design Patterns, Stakeholder Communication, Microservices Architecture","Google Professional Cloud Architect, Microsoft Certified: Azure Solutions Architect Expert",False,9.0
7,Sean,Padilla,5/24/2015,,Solution Architect,3.0,eric.walker@company.com,Technical Services,Active,Full-Time,Zone C,Permanent,,,Executive,Project Management,15-10-1983,CA,Solution Architect,Male,27915,Black or African American,Widowed,Fully Meets,1,"Systems Integration, Microservices Architecture, Security Best Practices","Microsoft Certified: Azure Solutions Architect Expert, AWS Certified Solutions Architect, Google Professional Cloud Architect",False,10.0
8,Megan,Werner,3/22/2014,,Senior Software Engineer,3.0,jermaine.blair@company.com,Development,Active,Full-Time,Zone C,Permanent,,,Engineering,Engineering,8/11/1983,FL,Senior Software Engineer,Female,52460,Asian,Married,Exceeds,1,"Advanced Programming Languages, Code Review and Best Practices, DevOps Practices, System Design and Architecture","Certified Software Development Professional (CSDP), Google Professional Cloud Architect, AWS Certified Solutions Architect",False,1.0
9,Samuel,Best,3/26/2014,,Solution Architect,2.0,jeffrey.barton@company.com,Technical Services,Active,Full-Time,Zone B,Permanent,,,Product Management,Engineering,7/7/1990,MA,Solution Architect,Female,53408,Hispanic or Latino,Married,Fully Meets,3,"Security Best Practices, Systems Integration, Architecture Design Patterns, Microservices Architecture","TOGAF 9 Certified, Microsoft Certified: Azure Solutions Architect Expert, Google Professional Cloud Architect, AWS Certified Solutions Architect",True,1.0
10,Russell,Olsen,12/22/2009,,Solution Architect,2.0,jared.white@company.com,Technical Services,Active,Full-Time,Zone B,Permanent,,,Development,Engineering,3/3/1991,MA,Solution Architect,Male,50942,Hispanic or Latino,Single,Fully Meets,3,"Microservices Architecture, Systems Integration, Cloud Computing Architecture, Security Best Practices, Stakeholder Communication","AWS Certified Solutions Architect, TOGAF 9 Certified, Google Professional Cloud Architect, Microsoft Certified: Azure Solutions Architect Expert",True,5.0
11,Ryan,Moss,10/8/2014,,Tech Lead,5.0,alyssa.beltran@company.com,Development,Active,Full-Time,Zone B,Permanent,,,Engineering,Engineering,6/4/1996,CA,Tech Lead,Male,41072,Other,Widowed,Needs Improvement,2,"Technical Leadership and Mentoring, Cross-Functional Team Collaboration","Google Professional Cloud Architect, Certified ScrumMaster (CSM), Project Management Professional (PMP)",False,2.0
12,Heather,Dunn,8/30/2011,,Senior Software Engineer,5.0,kelly.bell@company.com,Development,Active,Full-Time,Zone C,Permanent,,,Development,Development,16-05-1992,FL,Senior Software Engineer,Non-Binary,59074,White,Married,Needs Improvement,5,"Code Review and Best Practices, Advanced Programming Languages, Mentoring and Leadership, System Design and Architecture","Certified ScrumMaster (CSM), AWS Certified Solutions Architect, Google Professional Cloud Architect",False,
13,Rodney,Brown,2/21/2011,,Senior Software Engineer,4.0,patrick.reed@company.com,Development,Active,Full-Time,Zone C,Permanent,,,Executive,Executive,24-04-1995,MA,Senior Software Engineer,Male,65910,Hispanic or Latino,Single,Meets,2,"Mentoring and Leadership, Code Review and Best Practices, Advanced Programming Languages, System Design and Architecture, Cloud Computing (AWS, Azure, GCP)","Google Professional Cloud Architect, Certified ScrumMaster (CSM), Certified Software Development Professional (CSDP), AWS Certified Solutions Architect",False,
14,Anthony,Le,4/15/2012,,Senior Software Engineer,5.0,bailey.golden@company.com,Development,Active,Full-Time,Zone A,Permanent,,,Engineering,Technical Services,10/11/1989,MA,Senior Software Engineer,Male,88626,White,Married,Meets,3,"System Design and Architecture, Mentoring and Leadership, Cloud Computing (AWS, Azure, GCP), Advanced Programming Languages, Code Review and Best Practices","Certified ScrumMaster (CSM), AWS Certified Solutions Architect, Certified Software Development Professional (CSDP), Google Professional Cloud Architect",False,1.0
15,Michael,Jimenez,2/26/2013,,Tech Lead,5.0,laura.williamson@company.com,Development,Active,Full-Time,Zone B,Permanent,,,Engineering,Engineering,12/6/1996,FL,Tech Lead,Male,81757,White,Divorced,Needs Improvement,5,"Project Management, Cross-Functional Team Collaboration, Technical Leadership and Mentoring, System Design","Certified ScrumMaster (CSM), AWS Certified Solutions Architect, Project Management Professional (PMP)",False,2.0
16,Timothy,Chapman,5/1/2010,,Senior Software Engineer,3.0,brian.schmidt@company.com,Development,Active,Full-Time,Zone A,Permanent,,,Engineering,Technical Services,23-04-1989,FL,Senior Software Engineer,Female,88543,Asian,Single,Fully Meets,3,"DevOps Practices, Advanced Programming Languages, Cloud Computing (AWS, Azure, GCP), Code Review and Best Practices, Mentoring and Leadership, System Design and Architecture","Certified ScrumMaster (CSM), Certified Software Development Professional (CSDP), Google Professional Cloud Architect",True,
17,Katherine,Smith,1/21/2015,,Senior Software Engineer,4.0,stacy.griffith@company.com,Development,Active,Full-Time,Zone B,Permanent,,,Engineering,Executive,30-05-1990,CA,Senior Software Engineer,Female,23456,Black or African American,Single,Needs Improvement,4,"Mentoring and Leadership, DevOps Practices","Google Professional Cloud Architect, Certified ScrumMaster (CSM)",False,1.0
18,Ian,Smith,5/13/2014,,Senior Software Engineer,3.0,craig.hawkins@company.com,Development,Active,Full-Time,Zone C,Permanent,,,Engineering,Engineering,24-11-1992,NY,Senior Software Engineer,Male,18457,Other,Widowed,Exceeds,3,"Mentoring and Leadership, Cloud Computing (AWS, Azure, GCP), Code Review and Best Practices, System Design and Architecture, Advanced Programming Languages, DevOps Practices","Certified ScrumMaster (CSM), Certified Software Development Professional (CSDP), Google Professional Cloud Architect, AWS Certified Solutions Architect",False,1.0
19,Charles,Smith,8/16/2017,,Tech Lead,3.0,kristina.wilcox@company.com,Development,Active,Full-Time,Zone C,Permanent,,,Engineering,Engineering,19-09-1994,FL,Tech Lead,Female,94981,White,Married,Exceeds,3,"Agile Methodologies, Code Quality Assurance, Cross-Functional Team Collaboration, Technical Leadership and Mentoring","Project Management Professional (PMP), Google Professional Cloud Architect, Certified ScrumMaster (CSM), AWS Certified Solutions Architect",False,
20,Morgan,Peterson,1/27/2011,,Tech Lead,3.0,david.dominguez@company.com,Development,Active,Full-Time,Zone A,Permanent,,,Development,Technical Services,3/7/1994,MA,Tech Lead,Male,30447,Hispanic or Latino,Married,Fully Meets,1,"Project Management, System Design, Cross-Functional Team Collaboration, Technical Leadership and Mentoring, Agile Methodologies, Code Quality Assurance","Google Professional Cloud Architect, Project Management Professional (PMP), AWS Certified Solutions Architect",False,2.0
21,Alex,Kennedy,8/23/2017,,Data Scientist,12.0,john.green@company.com,Engineering,Active,Full-Time,Zone C,Permanent,,,Engineering,Executive,23-03-1996,CA,Data Scientist,Male,71772,Other,Divorced,Exceeds,5,"Statistical Modeling, Business Acumen, Machine Learning","AWS Certified Data Analytics – Specialty, Google Data Analytics Professional Certificate, Microsoft Certified: Azure Data Scientist Associate",False,196.0
22,Brianna,Bryant,3/31/2013,,DevOps Engineer,10.0,michael.martin@company.com,Engineering,Active,Full-Time,Zone C,Permanent,,,Engineering,Engineering,24-10-1997,MA,DevOps Engineer,Female,92358,Black or African American,Single,Exceeds,3,"Continuous Integration and Continuous Deployment (CI/CD), Infrastructure as Code (Terraform, CloudFormation), Collaboration and Communication, Containerization (Docker, Kubernetes), Scripting (Python, Bash), Monitoring and Logging Tools","HashiCorp Certified: Terraform Associate, Kubernetes Certified Administrator (CKA)",False,1.0
23,Ashley,Howell,4/8/2010,,AI Engineer,12.0,ashley.brown@company.com,Engineering,Active,Full-Time,Zone B,Permanent,,,Engineering,Product Management,8/1/1999,TX,AI Engineer,Male,40351,Hispanic or Latino,Single,Fully Meets,3,"Natural Language Processing (NLP), Model Deployment","Microsoft Certified: Azure AI Engineer Associate, IBM AI Engineering Professional Certificate",True,
24,Dale,Walker,7/12/2010,,Machine Learning Engineer,8.0,sara.lucas@company.com,Engineering,Active,Full-Time,Zone C,Permanent,,,Executive,Engineering,16-09-2001,FL,Machine Learning Engineer,Female,63714,Hispanic or Latino,Widowed,Fully Meets,2,"Statistical Analysis, Model Training and Evaluation, Big Data Technologies (Hadoop, Spark), Model Optimization and Hyperparameter Tuning","Certified Machine Learning Professional, AWS Certified Machine Learning – Specialty",True,
25,Connor,Gardner,5/26/2012,,Machine Learning Engineer,17.0,christopher.cox@company.com,Engineering,Active,Full-Time,Zone C,Permanent,,,Engineering,Engineering,8/12/1994,MA,Machine Learning Engineer,Female,86138,Asian,Married,Meets,4,"Programming (Python, R), Big Data Technologies (Hadoop, Spark)","TensorFlow Developer Certificate, AWS Certified Machine Learning – Specialty, Google Professional Machine Learning Engineer, Certified Machine Learning Professional",False,23.0
26,Samantha,Martinez,1/10/2016,,Machine Learning Engineer,20.0,thomas.clark@company.com,Engineering,Active,Full-Time,Zone A,Permanent,,,Development,Development,2/11/1998,TX,Machine Learning Engineer,Female,27050,White,Single,Meets,4,"Model Optimization and Hyperparameter Tuning, Data Visualization Tools (Matplotlib, Seaborn)","AWS Certified Machine Learning – Specialty, Google Professional Machine Learning Engineer",False,23.0
27,Kaylee,Young,12/4/2012,,DevOps Engineer,18.0,bob.diaz@company.com,Engineering,Active,Full-Time,Zone A,Permanent,,,Engineering,Development,22-09-1998,NY,DevOps Engineer,Non-Binary,81887,Asian,Divorced,Needs Improvement,5,"Infrastructure as Code (Terraform, CloudFormation), Scripting (Python, Bash), Containerization (Docker, Kubernetes)","AWS Certified DevOps Engineer, Docker Certified Associate, Kubernetes Certified Administrator (CKA), HashiCorp Certified: Terraform Associate",False,1.0
28,Dennis,Carpenter,10/19/2011,,Software Developer,13.0,shannon.davidson@company.com,Engineering,Active,Full-Time,Zone B,Permanent,,,Project Management,Product Management,29-08-1999,TX,Software Developer,Non-Binary,92080,Black or African American,Divorced,Exceeds,2,"Database Management (SQL, NoSQL, MongoDB), Programming Languages (Python, Java, C#, JavaScript), Agile Development Practices, Frameworks (React, Angular, Django, Spring)","Microsoft Certified: Azure Developer Associate, Oracle Certified Professional, Java SE",False,1.0
29,Aaron,Tanner,4/18/2014,,Machine Learning Engineer,9.0,garrett.may@company.com,Engineering,Active,Full-Time,Zone B,Permanent,,,Engineering,Engineering,20-03-1998,FL,Machine Learning Engineer,Non-Binary,51988,White,Widowed,Meets,2,"Data Visualization Tools (Matplotlib, Seaborn), Statistical Analysis, Model Optimization and Hyperparameter Tuning, Programming (Python, R), Model Training and Evaluation, Big Data Technologies (Hadoop, Spark)","TensorFlow Developer Certificate, Google Professional Machine Learning Engineer",False,23.0
30,Christopher,Ruiz,12/27/2014,,Machine Learning Engineer,14.0,keith.massey@company.com,Engineering,Active,Full-Time,Zone B,Permanent,,,Technical Services,Development,17-11-2000,CA,Machine Learning Engineer,Non-Binary,69675,Hispanic or Latino,Married,Needs Improvement,2,"Model Training and Evaluation, Programming (Python, R), Data Visualization Tools (Matplotlib, Seaborn), Big Data Technologies (Hadoop, Spark), Statistical Analysis, Model Optimization and Hyperparameter Tuning","Certified Machine Learning Professional, TensorFlow Developer Certificate",False,23.0
31,Jeffrey,Gaines,10/14/2015,,DevOps Engineer,9.0,jeffrey.garcia@company.com,Engineering,Active,Full-Time,Zone C,Permanent,,,Engineering,Engineering,9/8/2000,MA,DevOps Engineer,Male,89182,Hispanic or Latino,Widowed,Meets,5,"Collaboration and Communication, Scripting (Python, Bash), Monitoring and Logging Tools, Infrastructure as Code (Terraform, CloudFormation), Containerization (Docker, Kubernetes)","HashiCorp Certified: Terraform Associate, AWS Certified DevOps Engineer",False,10.0
32,Randy,Rodriguez,5/14/2012,,Machine Learning Engineer,6.0,amy.nguyen@company.com,Engineering,Active,Full-Time,Zone B,Permanent,,,Engineering,Project Management,11/2/1999,TX,Machine Learning Engineer,Male,93454,Black or African American,Widowed,Meets,5,"Statistical Analysis, Programming (Python, R), Model Optimization and Hyperparameter Tuning, Data Visualization Tools (Matplotlib, Seaborn)","Certified Machine Learning Professional, Google Professional Machine Learning Engineer, TensorFlow Developer Certificate",False,23.0
33,Robert,Patel,3/16/2017,,DevOps Engineer,11.0,jacqueline.franco@company.com,Engineering,Active,Full-Time,Zone A,Permanent,,,Product Management,Development,7/10/2002,MA,DevOps Engineer,Non-Binary,33464,Asian,Single,Exceeds,4,"Collaboration and Communication, Containerization (Docker, Kubernetes), Scripting (Python, Bash), Monitoring and Logging Tools","HashiCorp Certified: Terraform Associate, Docker Certified Associate, Kubernetes Certified Administrator (CKA)",False,10.0
34,Christopher,Thomas,1/10/2015,,Data Scientist,12.0,elizabeth.gilbert@company.com,Engineering,Active,Full-Time,Zone C,Permanent,,,Development,Engineering,9/7/1999,MA,Data Scientist,Male,46359,Asian,Married,Meets,2,"Data Wrangling, Data Analysis and Visualization, Machine Learning","Google Data Analytics Professional Certificate, AWS Certified Data Analytics – Specialty, Certified Data Scientist (CDS)",False,196.0
35,Chad,James,6/13/2014,,AI Engineer,17.0,robert.schneider@company.com,Engineering,Active,Full-Time,Zone B,Permanent,,,Development,Engineering,2/12/2000,NY,AI Engineer,Male,40707,Other,Divorced,Meets,4,"Deep Learning Frameworks (TensorFlow, PyTorch), Data Preprocessing and Feature Engineering, Natural Language Processing (NLP), Model Deployment, Machine Learning Algorithms, Computer Vision","AWS Certified Machine Learning – Specialty, Deep Learning Specialization by Coursera, IBM AI Engineering Professional Certificate, Microsoft Certified: Azure AI Engineer Associate",False,23.0
36,Andre,Mitchell,2/6/2017,,Machine Learning Engineer,6.0,kathleen.roy@company.com,Engineering,Active,Full-Time,Zone B,Permanent,,,Technical Services,Engineering,26-10-1995,MA,Machine Learning Engineer,Non-Binary,17592,Asian,Married,Meets,2,"Programming (Python, R), Data Visualization Tools (Matplotlib, Seaborn), Statistical Analysis","TensorFlow Developer Certificate, Google Professional Machine Learning Engineer, Certified Machine Learning Professional, AWS Certified Machine Learning – Specialty",False,23.0
37,Mark,Marshall,10/26/2014,,Software Developer,6.0,jacqueline.hines@company.com,Engineering,Active,Full-Time,Zone B,Permanent,,,Engineering,Executive,15-02-1999,NY,Software Developer,Non-Binary,15491,Asian,Married,Meets,4,"Agile Development Practices, Programming Languages (Python, Java, C#, JavaScript), Testing and Debugging, Frameworks (React, Angular, Django, Spring), Database Management (SQL, NoSQL, MongoDB), APIs (REST, GraphQL)","Microsoft Certified: Azure Developer Associate, Oracle Certified Professional, Java SE, Certified Kubernetes Application Developer (CKAD), AWS Certified Developer – Associate",False,1.0
38,Aaron,Richards,4/3/2015,,Data Scientist,13.0,laura.stewart@company.com,Engineering,Active,Full-Time,Zone B,Permanent,,,Project Management,Project Management,17-05-1997,MA,Data Scientist,Female,47939,Hispanic or Latino,Married,Fully Meets,1,"Machine Learning, Data Analysis and Visualization, Business Acumen","AWS Certified Data Analytics – Specialty, Certified Data Scientist (CDS), Google Data Analytics Professional Certificate",False,196.0
39,Laurie,Meyer,3/1/2013,,Machine Learning Engineer,14.0,diana.lewis@company.com,Engineering,Active,Full-Time,Zone B,Permanent,,,Engineering,Executive,26-10-1995,FL,Machine Learning Engineer,Female,53151,Black or African American,Married,Meets,1,"Data Visualization Tools (Matplotlib, Seaborn), Model Training and Evaluation, Model Optimization and Hyperparameter Tuning, Big Data Technologies (Hadoop, Spark), Statistical Analysis","Certified Machine Learning Professional, Google Professional Machine Learning Engineer, TensorFlow Developer Certificate",False,23.0
40,Veronica,Torres,7/28/2011,,Machine Learning Engineer,12.0,mark.anderson@company.com,Engineering,Active,Full-Time,Zone B,Permanent,,,Development,Executive,20-01-1995,CA,Machine Learning Engineer,Male,65149,White,Single,Needs Improvement,4,"Statistical Analysis, Model Optimization and Hyperparameter Tuning, Data Visualization Tools (Matplotlib, Seaborn), Model Training and Evaluation","Google Professional Machine Learning Engineer, Certified Machine Learning Professional",False,
41,Levi,Johnson,5/23/2015,,Machine Learning Engineer,10.0,michael.harris@company.com,Engineering,Active,Full-Time,Zone A,Permanent,,,Executive,Project Management,19-11-1994,NY,Machine Learning Engineer,Non-Binary,54754,Hispanic or Latino,Married,Needs Improvement,1,"Data Visualization Tools (Matplotlib, Seaborn), Programming (Python, R), Statistical Analysis, Model Training and Evaluation, Model Optimization and Hyperparameter Tuning, Big Data Technologies (Hadoop, Spark)","TensorFlow Developer Certificate, AWS Certified Machine Learning – Specialty, Google Professional Machine Learning Engineer",False,51.0
42,Brandi,Molina,3/12/2014,,AI Engineer,6.0,kayla.richard@company.com,Engineering,Active,Full-Time,Zone B,Permanent,,,Technical Services,Executive,20-08-2000,CA,AI Engineer,Male,81356,White,Widowed,Fully Meets,1,"Machine Learning Algorithms, Model Deployment, Computer Vision, Natural Language Processing (NLP), Deep Learning Frameworks (TensorFlow, PyTorch), Data Preprocessing and Feature Engineering","Microsoft Certified: Azure AI Engineer Associate, Deep Learning Specialization by Coursera, AWS Certified Machine Learning – Specialty",False,51.0
43,Evan,White,10/30/2014,,Software Developer,6.0,thomas.sloan@company.com,Engineering,Active,Full-Time,Zone C,Permanent,,,Executive,Engineering,9/4/1998,CA,Software Developer,Female,35340,White,Divorced,Needs Improvement,5,"Programming Languages (Python, Java, C#, JavaScript), Agile Development Practices, Testing and Debugging, APIs (REST, GraphQL), Frameworks (React, Angular, Django, Spring), Database Management (SQL, NoSQL, MongoDB), Version Control Systems (Git, SVN)","AWS Certified Developer – Associate, Microsoft Certified: Azure Developer Associate, Oracle Certified Professional, Java SE, Certified Kubernetes Application Developer (CKAD)",False,1.0
44,Nancy,Rich,1/23/2015,,AI Engineer,16.0,brian.rivera@company.com,Engineering,Active,Full-Time,Zone C,Permanent,,,Engineering,Development,11/2/1997,MA,AI Engineer,Non-Binary,86664,White,Married,Fully Meets,4,"Model Deployment, Data Preprocessing and Feature Engineering, Natural Language Processing (NLP), Computer Vision","Deep Learning Specialization by Coursera, AWS Certified Machine Learning – Specialty",False,51.0
45,Tammy,Smith,3/4/2016,,Software Developer,19.0,john.martin@company.com,Engineering,Active,Full-Time,Zone A,Permanent,,,Executive,Engineering,24-01-1995,TX,Software Developer,Non-Binary,30810,Hispanic or Latino,Single,Needs Improvement,3,"Programming Languages (Python, Java, C#, JavaScript), APIs (REST, GraphQL)","Microsoft Certified: Azure Developer Associate, Certified Kubernetes Application Developer (CKAD), AWS Certified Developer – Associate, Oracle Certified Professional, Java SE",False,1.0
46,William,White,9/7/2013,,AI Engineer,9.0,kurt.robinson@company.com,Engineering,Active,Full-Time,Zone B,Permanent,,,Engineering,Engineering,5/3/1996,MA,AI Engineer,Female,15743,Hispanic or Latino,Single,Needs Improvement,4,"Model Deployment, Deep Learning Frameworks (TensorFlow, PyTorch), Natural Language Processing (NLP)","Deep Learning Specialization by Coursera, IBM AI Engineering Professional Certificate, Microsoft Certified: Azure AI Engineer Associate",False,51.0
47,David,Ramirez,5/26/2015,,Software Developer,9.0,emily.colon@company.com,Engineering,Active,Full-Time,Zone C,Permanent,,,Engineering,Project Management,13-03-1998,MA,Software Developer,Non-Binary,74397,Other,Single,Meets,2,"Programming Languages (Python, Java, C#, JavaScript), APIs (REST, GraphQL), Testing and Debugging, Frameworks (React, Angular, Django, Spring), Version Control Systems (Git, SVN)","AWS Certified Developer – Associate, Oracle Certified Professional, Java SE",False,1.0
48,Jeremiah,Burke,6/6/2011,,Software Developer,16.0,diane.freeman@company.com,Engineering,Active,Full-Time,Zone A,Permanent,,,Project Management,Executive,6/5/1998,MA,Software Developer,Male,58553,Black or African American,Divorced,Fully Meets,1,"Frameworks (React, Angular, Django, Spring), Database Management (SQL, NoSQL, MongoDB), Version Control Systems (Git, SVN), Programming Languages (Python, Java, C#, JavaScript), Agile Development Practices, Testing and Debugging, APIs (REST, GraphQL)","Oracle Certified Professional, Java SE, Certified Kubernetes Application Developer (CKAD), Microsoft Certified: Azure Developer Associate",False,
49,Kathleen,Stevenson,10/5/2016,,DevOps Engineer,12.0,kristen.hughes@company.com,Engineering,Active,Full-Time,Zone B,Permanent,,,Development,Engineering,12/2/2000,NY,DevOps Engineer,Female,85733,White,Divorced,Exceeds,3,"Collaboration and Communication, Containerization (Docker, Kubernetes), Infrastructure as Code (Terraform, CloudFormation), Continuous Integration and Continuous Deployment (CI/CD), Scripting (Python, Bash), Monitoring and Logging Tools","Kubernetes Certified Administrator (CKA), AWS Certified DevOps Engineer",False,10.0
50,Denise,Hebert,12/13/2011,,Software Developer,19.0,tammie.fuller@company.com,Engineering,Active,Full-Time,Zone B,Permanent,,,Engineering,Executive,28-01-2002,CA,Software Developer,Non-Binary,86081,Hispanic or Latino,Widowed,Fully Meets,5,"Testing and Debugging, Version Control Systems (Git, SVN), Frameworks (React, Angular, Django, Spring), Programming Languages (Python, Java, C#, JavaScript), Agile Development Practices, Database Management (SQL, NoSQL, MongoDB)","AWS Certified Developer – Associate, Certified Kubernetes Application Developer (CKAD), Microsoft Certified: Azure Developer Associate, Oracle Certified Professional, Java SE",False,1.0
51,Stephanie,Macdonald,3/21/2010,,AI Engineer,7.0,vernon.wright@company.com,Engineering,Active,Full-Time,Zone A,Permanent,,,Development,Engineering,2/9/2002,CA,AI Engineer,Non-Binary,12077,Black or African American,Single,Needs Improvement,4,"Data Preprocessing and Feature Engineering, Computer Vision","Microsoft Certified: Azure AI Engineer Associate, AWS Certified Machine Learning – Specialty",True,
52,Rebecca,Scott,4/29/2011,,Machine Learning Engineer,6.0,chelsea.meyer@company.com,Engineering,Active,Full-Time,Zone B,Permanent,,,Engineering,Engineering,1/7/1997,NY,Machine Learning Engineer,Non-Binary,51169,White,Widowed,Meets,5,"Statistical Analysis, Programming (Python, R), Big Data Technologies (Hadoop, Spark), Model Optimization and Hyperparameter Tuning, Data Visualization Tools (Matplotlib, Seaborn)","TensorFlow Developer Certificate, AWS Certified Machine Learning – Specialty, Google Professional Machine Learning Engineer",False,
53,Lee,Banks,5/11/2011,,Machine Learning Engineer,11.0,kimberly.walker@company.com,Engineering,Active,Full-Time,Zone A,Permanent,,,Engineering,Development,24-09-1999,TX,Machine Learning Engineer,Male,29863,Black or African American,Single,Exceeds,5,"Big Data Technologies (Hadoop, Spark), Statistical Analysis","Google Professional Machine Learning Engineer, Certified Machine Learning Professional, TensorFlow Developer Certificate",False,
54,Tara,Coleman,5/20/2017,,Machine Learning Engineer,16.0,henry.schultz@company.com,Engineering,Active,Full-Time,Zone C,Permanent,,,Executive,Engineering,28-09-2002,TX,Machine Learning Engineer,Non-Binary,13291,White,Widowed,Meets,5,"Model Optimization and Hyperparameter Tuning, Data Visualization Tools (Matplotlib, Seaborn), Programming (Python, R)","TensorFlow Developer Certificate, Google Professional Machine Learning Engineer, Certified Machine Learning Professional",False,1.0
55,Duane,Lopez,7/31/2014,,Machine Learning Engineer,12.0,barbara.miller@company.com,Engineering,Active,Full-Time,Zone C,Permanent,,,Executive,Engineering,27-06-2002,TX,Machine Learning Engineer,Non-Binary,98823,Other,Widowed,Fully Meets,4,"Data Visualization Tools (Matplotlib, Seaborn), Statistical Analysis, Model Training and Evaluation, Model Optimization and Hyperparameter Tuning, Big Data Technologies (Hadoop, Spark), Programming (Python, R)","Certified Machine Learning Professional, Google Professional Machine Learning Engineer",False,1.0
56,Lisa,Rodriguez,1/3/2010,,Machine Learning Engineer,7.0,brian.smith@company.com,Engineering,Active,Full-Time,Zone A,Permanent,,,Executive,Technical Services,8/3/1998,CA,Machine Learning Engineer,Female,31305,Black or African American,Single,Exceeds,1,"Model Optimization and Hyperparameter Tuning, Model Training and Evaluation, Data Visualization Tools (Matplotlib, Seaborn), Big Data Technologies (Hadoop, Spark), Statistical Analysis, Programming (Python, R)","Certified Machine Learning Professional, TensorFlow Developer Certificate",True,
57,Brian,Perry,1/20/2016,,AI Engineer,18.0,cynthia.higgins@company.com,Engineering,Active,Full-Time,Zone C,Permanent,,,Engineering,Executive,8/5/1997,CA,AI Engineer,Male,82503,Asian,Widowed,Exceeds,5,"Natural Language Processing (NLP), Model Deployment, Machine Learning Algorithms","Deep Learning Specialization by Coursera, AWS Certified Machine Learning – Specialty",False,69.0
58,Christopher,Brown,10/10/2012,,DevOps Engineer,15.0,steven.wilkerson@company.com,Engineering,Active,Full-Time,Zone C,Permanent,,,Engineering,Executive,5/5/1995,NY,DevOps Engineer,Female,41362,Black or African American,Widowed,Meets,4,"Infrastructure as Code (Terraform, CloudFormation), Monitoring and Logging Tools, Containerization (Docker, Kubernetes), Scripting (Python, Bash), Continuous Integration and Continuous Deployment (CI/CD)","Docker Certified Associate, AWS Certified DevOps Engineer, Kubernetes Certified Administrator (CKA), HashiCorp Certified: Terraform Associate",False,1.0
59,Arthur,Sellers,10/3/2015,,DevOps Engineer,7.0,brian.brown@company.com,Engineering,Active,Full-Time,Zone B,Permanent,,,Engineering,Engineering,27-12-1995,TX,DevOps Engineer,Female,16407,Other,Married,Meets,5,"Collaboration and Communication, Continuous Integration and Continuous Deployment (CI/CD)","Kubernetes Certified Administrator (CKA), AWS Certified DevOps Engineer, Docker Certified Associate",False,10.0
60,Micheal,Price,2/9/2017,,Data Scientist,9.0,ann.baker@company.com,Engineering,Active,Full-Time,Zone A,Permanent,,,Product Management,Engineering,24-04-2001,MA,Data Scientist,Male,82284,Other,Widowed,Exceeds,3,"Big Data Technologies, Business Acumen, Data Analysis and Visualization, Machine Learning, Data Wrangling, Statistical Modeling","Google Data Analytics Professional Certificate, Certified Data Scientist (CDS)",False,196.0
61,Tina,Rowland,10/18/2012,,Machine Learning Engineer,20.0,roy.campbell@company.com,Engineering,Active,Full-Time,Zone C,Permanent,,,Executive,Executive,3/2/1997,TX,Machine Learning Engineer,Female,46034,Hispanic or Latino,Widowed,Needs Improvement,1,"Statistical Analysis, Data Visualization Tools (Matplotlib, Seaborn), Big Data Technologies (Hadoop, Spark), Programming (Python, R), Model Optimization and Hyperparameter Tuning","Certified Machine Learning Professional, TensorFlow Developer Certificate, Google Professional Machine Learning Engineer, AWS Certified Machine Learning – Specialty",False,69.0
62,Kelly,Sexton,4/9/2013,,Data Scientist,14.0,richard.love@company.com,Engineering,Active,Full-Time,Zone A,Permanent,,,Executive,Engineering,13-11-1993,MA,Data Scientist,Female,91207,White,Divorced,Needs Improvement,4,"Big Data Technologies, Data Analysis and Visualization, Business Acumen","Google Data Analytics Professional Certificate, AWS Certified Data Analytics – Specialty",False,
63,Stephanie,Morales,5/26/2014,,AI Engineer,18.0,ricky.johnson@company.com,Engineering,Active,Full-Time,Zone C,Permanent,,,Technical Services,Development,10/3/1995,MA,AI Engineer,Male,16687,Hispanic or Latino,Divorced,Exceeds,1,"Deep Learning Frameworks (TensorFlow, PyTorch), Data Preprocessing and Feature Engineering, Model Deployment, Computer Vision","Deep Learning Specialization by Coursera, AWS Certified Machine Learning – Specialty",False,69.0
64,Robert,Smith,6/22/2013,,Data Scientist,9.0,shane.gilbert@company.com,Engineering,Active,Full-Time,Zone C,Permanent,,,Engineering,Engineering,28-05-2002,NY,Data Scientist,Female,13154,Asian,Widowed,Meets,4,"Data Analysis and Visualization, Big Data Technologies, Statistical Modeling, Data Wrangling","Microsoft Certified: Azure Data Scientist Associate, Certified Data Scientist (CDS)",False,
65,David,Porter,11/19/2014,,AI Engineer,17.0,earl.flores@company.com,Engineering,Active,Full-Time,Zone A,Permanent,,,Executive,Project Management,24-02-2000,FL,AI Engineer,Non-Binary,90526,Asian,Divorced,Needs Improvement,1,"Machine Learning Algorithms, Model Deployment, Deep Learning Frameworks (TensorFlow, PyTorch)","Microsoft Certified: Azure AI Engineer Associate, IBM AI Engineering Professional Certificate, Deep Learning Specialization by Coursera, AWS Certified Machine Learning – Specialty",False,69.0
66,Chad,Cooper,3/12/2010,,Software Developer,19.0,riley.webb@company.com,Engineering,Active,Full-Time,Zone C,Permanent,,,Executive,Engineering,28-02-2002,MA,Software Developer,Male,99592,Other,Divorced,Meets,2,"Agile Development Practices, Testing and Debugging","Certified Kubernetes Application Developer (CKAD), Oracle Certified Professional, Java SE",False,
67,Samantha,Stewart,5/30/2012,,Software Developer,15.0,mary.ray@company.com,Engineering,Active,Full-Time,Zone A,Permanent,,,Executive,Engineering,4/3/1995,FL,Software Developer,Non-Binary,62613,White,Married,Meets,5,"Programming Languages (Python, Java, C#, JavaScript), Version Control Systems (Git, SVN), Database Management (SQL, NoSQL, MongoDB), APIs (REST, GraphQL), Agile Development Practices, Testing and Debugging, Frameworks (React, Angular, Django, Spring)","Certified Kubernetes Application Developer (CKAD), Oracle Certified Professional, Java SE, Microsoft Certified: Azure Developer Associate, AWS Certified Developer – Associate",False,1.0
68,Sean,Flynn,1/25/2012,,Software Developer,19.0,mary.ochoa@company.com,Engineering,Active,Full-Time,Zone C,Permanent,,,Engineering,Development,29-09-1995,TX,Software Developer,Non-Binary,53564,Asian,Divorced,Exceeds,3,"Programming Languages (Python, Java, C#, JavaScript), Testing and Debugging, APIs (REST, GraphQL), Frameworks (React, Angular, Django, Spring), Version Control Systems (Git, SVN), Agile Development Practices, Database Management (SQL, NoSQL, MongoDB)","AWS Certified Developer – Associate, Certified Kubernetes Application Developer (CKAD), Microsoft Certified: Azure Developer Associate, Oracle Certified Professional, Java SE",False,1.0
69,Wesley,Yoder,1/27/2010,,AI Engineer,13.0,patrick.williams@company.com,Engineering,Active,Full-Time,Zone A,Permanent,,,Product Management,Engineering,13-12-1996,TX,AI Engineer,Non-Binary,50468,Asian,Divorced,Fully Meets,4,"Computer Vision, Machine Learning Algorithms, Model Deployment","Microsoft Certified: Azure AI Engineer Associate, Deep Learning Specialization by Coursera",True,1.0
70,Cody,Stokes,11/3/2015,,AI Engineer,13.0,jeremy.sullivan@company.com,Engineering,Active,Full-Time,Zone A,Permanent,,,Engineering,Development,25-04-1995,FL,AI Engineer,Non-Binary,90896,Black or African American,Single,Meets,3,"Model Deployment, Deep Learning Frameworks (TensorFlow, PyTorch), Natural Language Processing (NLP), Machine Learning Algorithms","AWS Certified Machine Learning – Specialty, Deep Learning Specialization by Coursera, Microsoft Certified: Azure AI Engineer Associate",False,69.0
71,Anthony,Miller,5/26/2017,,Software Developer,8.0,eric.walter@company.com,Engineering,Active,Full-Time,Zone C,Permanent,,,Development,Engineering,21-03-2000,FL,Software Developer,Female,30988,Black or African American,Single,Fully Meets,4,"Programming Languages (Python, Java, C#, JavaScript), Version Control Systems (Git, SVN), APIs (REST, GraphQL)","AWS Certified Developer – Associate, Certified Kubernetes Application Developer (CKAD), Oracle Certified Professional, Java SE",False,1.0
72,Wanda,Mcdaniel,10/19/2011,,Data Scientist,10.0,shelley.kim@company.com,Engineering,Active,Full-Time,Zone B,Permanent,,,Executive,Engineering,11/12/1999,NY,Data Scientist,Male,27775,Other,Widowed,Fully Meets,1,"Data Analysis and Visualization, Statistical Modeling","Certified Data Scientist (CDS), AWS Certified Data Analytics – Specialty, Microsoft Certified: Azure Data Scientist Associate",False,
73,Tina,Mcdonald,10/12/2012,,Machine Learning Engineer,15.0,terri.robinson@company.com,Engineering,Active,Full-Time,Zone C,Permanent,,,Executive,Development,7/8/1999,CA,Machine Learning Engineer,Female,75859,Hispanic or Latino,Divorced,Meets,2,"Model Training and Evaluation, Model Optimization and Hyperparameter Tuning","TensorFlow Developer Certificate, AWS Certified Machine Learning – Specialty",False,69.0
74,Michelle,Sanders,7/13/2015,,AI Engineer,18.0,vickie.barnett@company.com,Engineering,Active,Full-Time,Zone A,Permanent,,,Engineering,Development,12/12/1995,TX,AI Engineer,Female,79827,Asian,Single,Needs Improvement,1,"Data Preprocessing and Feature Engineering, Deep Learning Frameworks (TensorFlow, PyTorch), Natural Language Processing (NLP)","IBM AI Engineering Professional Certificate, AWS Certified Machine Learning – Specialty, Microsoft Certified: Azure AI Engineer Associate",False,69.0
75,Mary,Kim,7/12/2010,,AI Engineer,11.0,jeffrey.nielsen@company.com,Engineering,Active,Full-Time,Zone B,Permanent,,,Project Management,Technical Services,5/6/1999,MA,AI Engineer,Non-Binary,61441,Asian,Married,Meets,5,"Computer Vision, Deep Learning Frameworks (TensorFlow, PyTorch)","IBM AI Engineering Professional Certificate, AWS Certified Machine Learning – Specialty",False,69.0
76,Jill,Morales,11/8/2010,,DevOps Engineer,8.0,adam.jones@company.com,Engineering,Active,Full-Time,Zone C,Permanent,,,Development,Engineering,11/8/1994,NY,DevOps Engineer,Non-Binary,29985,Other,Single,Needs Improvement,3,"Containerization (Docker, Kubernetes), Infrastructure as Code (Terraform, CloudFormation), Continuous Integration and Continuous Deployment (CI/CD)","HashiCorp Certified: Terraform Associate, Docker Certified Associate",False,
77,Anthony,Stewart,3/16/2013,,Data Scientist,15.0,david.austin@company.com,Engineering,Active,Full-Time,Zone A,Permanent,,,Engineering,Technical Services,11/1/1994,CA,Data Scientist,Male,89433,Hispanic or Latino,Widowed,Needs Improvement,4,"Data Wrangling, Big Data Technologies","Google Data Analytics Professional Certificate, Microsoft Certified: Azure Data Scientist Associate",False,
78,Gregory,Bowers,7/9/2017,,DevOps Engineer,6.0,michael.fox@company.com,Engineering,Active,Full-Time,Zone C,Permanent,,,Executive,Product Management,11/11/1997,TX,DevOps Engineer,Non-Binary,80787,Other,Single,Needs Improvement,1,"Monitoring and Logging Tools, Containerization (Docker, Kubernetes), Continuous Integration and Continuous Deployment (CI/CD), Infrastructure as Code (Terraform, CloudFormation)","AWS Certified DevOps Engineer, Kubernetes Certified Administrator (CKA), HashiCorp Certified: Terraform Associate",False,10.0
79,Robert,Ortiz,4/10/2011,,Data Scientist,6.0,brian.anderson@company.com,Engineering,Active,Full-Time,Zone C,Permanent,,,Project Management,Engineering,7/9/1998,TX,Data Scientist,Non-Binary,44597,Other,Divorced,Exceeds,3,"Business Acumen, Big Data Technologies, Data Analysis and Visualization, Machine Learning, Data Wrangling, Statistical Modeling","Microsoft Certified: Azure Data Scientist Associate, Google Data Analytics Professional Certificate",False,
80,Jennifer,Roberts,8/2/2011,,DevOps Engineer,6.0,rose.mcgrath@company.com,Engineering,Active,Full-Time,Zone A,Permanent,,,Engineering,Product Management,8/11/2000,MA,DevOps Engineer,Non-Binary,90670,Black or African American,Married,Needs Improvement,5,"Continuous Integration and Continuous Deployment (CI/CD), Collaboration and Communication, Scripting (Python, Bash), Containerization (Docker, Kubernetes), Infrastructure as Code (Terraform, CloudFormation)","Docker Certified Associate, HashiCorp Certified: Terraform Associate",False,
81,Lisa,Hall,3/9/2011,,AI Engineer,18.0,cindy.carroll@company.com,Engineering,Active,Full-Time,Zone B,Permanent,,,Executive,Development,10/12/2001,TX,AI Engineer,Male,65219,White,Married,Exceeds,3,"Deep Learning Frameworks (TensorFlow, PyTorch), Data Preprocessing and Feature Engineering","AWS Certified Machine Learning – Specialty, Deep Learning Specialization by Coursera",False,69.0
82,Kevin,Bailey,4/15/2013,,Machine Learning Engineer,15.0,virginia.king@company.com,Engineering,Active,Full-Time,Zone C,Permanent,,,Executive,Executive,1/11/2000,FL,Machine Learning Engineer,Female,15875,Hispanic or Latino,Married,Meets,2,"Statistical Analysis, Data Visualization Tools (Matplotlib, Seaborn), Model Optimization and Hyperparameter Tuning, Big Data Technologies (Hadoop, Spark)","AWS Certified Machine Learning – Specialty, TensorFlow Developer Certificate",False,69.0
83,Shane,Austin,11/22/2012,,AI Engineer,6.0,morgan.sanchez@company.com,Engineering,Active,Full-Time,Zone B,Permanent,,,Engineering,Product Management,22-10-1998,CA,AI Engineer,Female,86122,Asian,Widowed,Needs Improvement,2,"Natural Language Processing (NLP), Deep Learning Frameworks (TensorFlow, PyTorch), Data Preprocessing and Feature Engineering","IBM AI Engineering Professional Certificate, AWS Certified Machine Learning – Specialty",False,69.0
84,Virginia,Garcia,2/27/2013,,Software Developer,14.0,martha.robinson@company.com,Engineering,Active,Full-Time,Zone B,Permanent,,,Engineering,Development,31-07-1995,FL,Software Developer,Female,78879,Hispanic or Latino,Widowed,Meets,4,"APIs (REST, GraphQL), Testing and Debugging","Microsoft Certified: Azure Developer Associate, Certified Kubernetes Application Developer (CKAD), Oracle Certified Professional, Java SE",False,1.0
85,Stacie,Simon,8/30/2012,,DevOps Engineer,17.0,paula.huber@company.com,Engineering,Active,Full-Time,Zone B,Permanent,,,Development,Engineering,18-02-1994,CA,DevOps Engineer,Male,15218,Hispanic or Latino,Single,Needs Improvement,1,"Containerization (Docker, Kubernetes), Collaboration and Communication, Continuous Integration and Continuous Deployment (CI/CD), Scripting (Python, Bash), Infrastructure as Code (Terraform, CloudFormation), Monitoring and Logging Tools","AWS Certified DevOps Engineer, Kubernetes Certified Administrator (CKA), Docker Certified Associate, HashiCorp Certified: Terraform Associate",False,9.0
86,Nathan,Gibson,6/30/2014,,DevOps Engineer,7.0,robert.murphy@company.com,Engineering,Active,Full-Time,Zone B,Permanent,,,Engineering,Executive,4/5/1997,CA,DevOps Engineer,Non-Binary,27671,Other,Married,Meets,1,"Monitoring and Logging Tools, Containerization (Docker, Kubernetes), Continuous Integration and Continuous Deployment (CI/CD), Infrastructure as Code (Terraform, CloudFormation)","Docker Certified Associate, HashiCorp Certified: Terraform Associate, Kubernetes Certified Administrator (CKA)",False,
87,Jasmine,White,4/27/2013,,Machine Learning Engineer,13.0,tracy.morgan@company.com,Engineering,Active,Full-Time,Zone B,Permanent,,,Engineering,Engineering,13-02-1998,FL,Machine Learning Engineer,Non-Binary,32959,Asian,Married,Fully Meets,5,"Big Data Technologies (Hadoop, Spark), Statistical Analysis, Model Training and Evaluation, Programming (Python, R), Model Optimization and Hyperparameter Tuning, Data Visualization Tools (Matplotlib, Seaborn)","TensorFlow Developer Certificate, Google Professional Machine Learning Engineer, Certified Machine Learning Professional, AWS Certified Machine Learning – Specialty",False,69.0
88,Jennifer,Ortega,5/7/2016,,AI Engineer,19.0,james.gordon@company.com,Engineering,Active,Full-Time,Zone C,Permanent,,,Development,Executive,14-09-1994,CA,AI Engineer,Female,41594,Asian,Divorced,Exceeds,5,"Data Preprocessing and Feature Engineering, Deep Learning Frameworks (TensorFlow, PyTorch), Natural Language Processing (NLP)","Microsoft Certified: Azure AI Engineer Associate, Deep Learning Specialization by Coursera",False,69.0
89,William,Gonzales,2/16/2017,,Machine Learning Engineer,18.0,andrew.miller@company.com,Engineering,Active,Full-Time,Zone B,Permanent,,,Development,Engineering,21-03-1997,TX,Machine Learning Engineer,Non-Binary,89346,Asian,Divorced,Meets,3,"Model Optimization and Hyperparameter Tuning, Model Training and Evaluation, Data Visualization Tools (Matplotlib, Seaborn), Statistical Analysis, Big Data Technologies (Hadoop, Spark), Programming (Python, R)","Google Professional Machine Learning Engineer, Certified Machine Learning Professional, TensorFlow Developer Certificate, AWS Certified Machine Learning – Specialty",False,
90,Justin,Koch,5/24/2013,,AI Engineer,9.0,william.bush@company.com,Engineering,Active,Full-Time,Zone C,Permanent,,,Executive,Engineering,17-08-2001,FL,AI Engineer,Female,55456,Hispanic or Latino,Married,Fully Meets,5,"Natural Language Processing (NLP), Data Preprocessing and Feature Engineering, Model Deployment, Deep Learning Frameworks (TensorFlow, PyTorch), Machine Learning Algorithms, Computer Vision","Microsoft Certified: Azure AI Engineer Associate, Deep Learning Specialization by Coursera",False,
91,Thomas,Powers,6/16/2016,,AI Engineer,13.0,christopher.dean@company.com,Engineering,Active,Full-Time,Zone A,Permanent,,,Technical Services,Engineering,15-11-2000,TX,AI Engineer,Female,92748,Asian,Divorced,Meets,1,"Natural Language Processing (NLP), Machine Learning Algorithms, Computer Vision, Deep Learning Frameworks (TensorFlow, PyTorch), Model Deployment, Data Preprocessing and Feature Engineering","IBM AI Engineering Professional Certificate, AWS Certified Machine Learning – Specialty, Microsoft Certified: Azure AI Engineer Associate",False,
92,David,Gray,4/8/2017,,AI Engineer,8.0,tina.dixon@company.com,Engineering,Active,Full-Time,Zone B,Permanent,,,Engineering,Engineering,6/5/1997,NY,AI Engineer,Non-Binary,79630,Hispanic or Latino,Widowed,Needs Improvement,1,"Computer Vision, Data Preprocessing and Feature Engineering, Deep Learning Frameworks (TensorFlow, PyTorch), Machine Learning Algorithms, Model Deployment","Microsoft Certified: Azure AI Engineer Associate, AWS Certified Machine Learning – Specialty",False,
93,Wesley,Sampson,1/19/2014,,Machine Learning Engineer,12.0,steven.smith@company.com,Engineering,Active,Full-Time,Zone C,Permanent,,,Executive,Project Management,12/4/1997,TX,Machine Learning Engineer,Non-Binary,18964,Black or African American,Widowed,Needs Improvement,1,"Big Data Technologies (Hadoop, Spark), Model Optimization and Hyperparameter Tuning","TensorFlow Developer Certificate, Certified Machine Learning Professional, AWS Certified Machine Learning – Specialty, Google Professional Machine Learning Engineer",False,
94,Carmen,Cook,1/13/2015,,Machine Learning Engineer,17.0,rebecca.stevenson@company.com,Engineering,Active,Full-Time,Zone A,Permanent,,,Engineering,Executive,26-08-2001,FL,Machine Learning Engineer,Non-Binary,31061,Asian,Single,Exceeds,2,"Data Visualization Tools (Matplotlib, Seaborn), Big Data Technologies (Hadoop, Spark), Statistical Analysis, Model Optimization and Hyperparameter Tuning","AWS Certified Machine Learning – Specialty, Certified Machine Learning Professional, Google Professional Machine Learning Engineer, TensorFlow Developer Certificate",False,
95,Susan,Cabrera,1/12/2015,,Software Developer,16.0,cassandra.wilson@company.com,Engineering,Active,Full-Time,Zone A,Permanent,,,Technical Services,Engineering,30-09-2000,NY,Software Developer,Male,70943,Asian,Single,Meets,5,"Testing and Debugging, Version Control Systems (Git, SVN), Agile Development Practices, Database Management (SQL, NoSQL, MongoDB)","Microsoft Certified: Azure Developer Associate, AWS Certified Developer – Associate, Certified Kubernetes Application Developer (CKAD)",False,1.0
96,Melinda,Miller,11/16/2016,,Software Developer,15.0,jesus.woods@company.com,Engineering,Active,Full-Time,Zone B,Permanent,,,Technical Services,Engineering,12/8/1996,TX,Software Developer,Non-Binary,64528,White,Divorced,Fully Meets,2,"Frameworks (React, Angular, Django, Spring), Programming Languages (Python, Java, C#, JavaScript), Testing and Debugging, APIs (REST, GraphQL), Version Control Systems (Git, SVN)","Oracle Certified Professional, Java SE, Microsoft Certified: Azure Developer Associate",False,1.0
97,Jimmy,Garrison,3/7/2012,,Machine Learning Engineer,14.0,richard.miller@company.com,Engineering,Active,Full-Time,Zone C,Permanent,,,Engineering,Engineering,8/4/1998,NY,Machine Learning Engineer,Non-Binary,59147,Other,Divorced,Needs Improvement,5,"Model Optimization and Hyperparameter Tuning, Model Training and Evaluation, Statistical Analysis, Big Data Technologies (Hadoop, Spark), Data Visualization Tools (Matplotlib, Seaborn)","AWS Certified Machine Learning – Specialty, Google Professional Machine Learning Engineer, Certified Machine Learning Professional",False,
98,Andrew,Martinez,3/20/2011,,Data Scientist,10.0,peter.baker@company.com,Engineering,Active,Full-Time,Zone A,Permanent,,,Development,Engineering,3/5/2002,TX,Data Scientist,Male,47049,Other,Divorced,Meets,1,"Data Analysis and Visualization, Big Data Technologies, Machine Learning, Business Acumen, Data Wrangling","AWS Certified Data Analytics – Specialty, Google Data Analytics Professional Certificate, Microsoft Certified: Azure Data Scientist Associate, Certified Data Scientist (CDS)",False,
99,Gerald,Smith,6/14/2014,,Data Scientist,10.0,alison.hall@company.com,Engineering,Active,Full-Time,Zone C,Permanent,,,Technical Services,Product Management,13-09-1997,FL,Data Scientist,Female,88843,Black or African American,Married,Meets,3,"Data Analysis and Visualization, Business Acumen, Data Wrangling, Statistical Modeling","Google Data Analytics Professional Certificate, Microsoft Certified: Azure Data Scientist Associate, AWS Certified Data Analytics – Specialty",False,
100,Joshua,Hicks,10/17/2012,,DevOps Engineer,18.0,heather.curry@company.com,Engineering,Active,Full-Time,Zone C,Permanent,,,Engineering,Engineering,13-10-1995,MA,DevOps Engineer,Male,68635,Black or African American,Widowed,Fully Meets,2,"Monitoring and Logging Tools, Infrastructure as Code (Terraform, CloudFormation), Collaboration and Communication, Scripting (Python, Bash)","HashiCorp Certified: Terraform Associate, AWS Certified DevOps Engineer",False,9.0
101,Kathleen,Foster,9/6/2012,,DevOps Engineer,16.0,carolyn.bradley@company.com,Engineering,Active,Full-Time,Zone A,Permanent,,,Engineering,Development,19-04-2001,NY,DevOps Engineer,Male,89456,Hispanic or Latino,Married,Meets,2,"Containerization (Docker, Kubernetes), Scripting (Python, Bash), Collaboration and Communication, Infrastructure as Code (Terraform, CloudFormation), Continuous Integration and Continuous Deployment (CI/CD), Monitoring and Logging Tools","Docker Certified Associate, AWS Certified DevOps Engineer, HashiCorp Certified: Terraform Associate, Kubernetes Certified Administrator (CKA)",False,9.0
102,Michele,Wiley,11/14/2016,,Data Scientist,8.0,lance.krause@company.com,Engineering,Active,Full-Time,Zone C,Permanent,,,Technical Services,Executive,8/4/2001,FL,Data Scientist,Female,78641,Asian,Single,Meets,5,"Data Wrangling, Machine Learning, Business Acumen, Data Analysis and Visualization, Statistical Modeling","Microsoft Certified: Azure Data Scientist Associate, Google Data Analytics Professional Certificate, AWS Certified Data Analytics – Specialty, Certified Data Scientist (CDS)",False,
103,Jerry,Gallagher,5/14/2011,,Data Scientist,15.0,rodney.briggs@company.com,Engineering,Active,Full-Time,Zone B,Permanent,,,Engineering,Product Management,25-04-1994,CA,Data Scientist,Male,80209,Other,Widowed,Exceeds,3,"Statistical Modeling, Data Wrangling, Machine Learning","AWS Certified Data Analytics – Specialty, Google Data Analytics Professional Certificate, Microsoft Certified: Azure Data Scientist Associate",False,
104,Sandra,Lynch,4/20/2015,,AI Engineer,20.0,timothy.vasquez@company.com,Engineering,Active,Full-Time,Zone C,Permanent,,,Engineering,Executive,30-12-1995,NY,AI Engineer,Female,92386,Asian,Single,Meets,5,"Data Preprocessing and Feature Engineering, Model Deployment, Computer Vision, Machine Learning Algorithms, Natural Language Processing (NLP)","IBM AI Engineering Professional Certificate, Microsoft Certified: Azure AI Engineer Associate",False,
105,Nicholas,Johnson,2/1/2010,,Software Developer,9.0,laura.ray@company.com,Engineering,Active,Full-Time,Zone B,Permanent,,,Development,Executive,14-01-2002,CA,Software Developer,Female,69421,Hispanic or Latino,Married,Meets,3,"Frameworks (React, Angular, Django, Spring), Agile Development Practices","Certified Kubernetes Application Developer (CKAD), Microsoft Certified: Azure Developer Associate, AWS Certified Developer – Associate, Oracle Certified Professional, Java SE",False,
106,Tina,Hogan,11/17/2014,,Machine Learning Engineer,6.0,suzanne.brown@company.com,Engineering,Active,Full-Time,Zone C,Permanent,,,Engineering,Development,9/7/1997,TX,Machine Learning Engineer,Non-Binary,53329,White,Married,Meets,3,"Big Data Technologies (Hadoop, Spark), Data Visualization Tools (Matplotlib, Seaborn), Statistical Analysis, Model Training and Evaluation","Certified Machine Learning Professional, TensorFlow Developer Certificate",False,
107,Tonya,Martinez,2/12/2016,,Data Scientist,6.0,jesse.jackson@company.com,Engineering,Active,Full-Time,Zone A,Permanent,,,Engineering,Engineering,12/6/1995,TX,Data Scientist,Female,32094,Asian,Married,Exceeds,4,"Big Data Technologies, Statistical Modeling, Business Acumen, Data Wrangling","Microsoft Certified: Azure Data Scientist Associate, Certified Data Scientist (CDS)",False,146.0
108,Jake,Cross,5/22/2012,,Data Scientist,6.0,jesse.hoffman@company.com,Engineering,Active,Full-Time,Zone B,Permanent,,,Development,Product Management,13-01-2001,NY,Data Scientist,Male,86896,Asian,Divorced,Exceeds,2,"Data Wrangling, Business Acumen","AWS Certified Data Analytics – Specialty, Microsoft Certified: Azure Data Scientist Associate, Certified Data Scientist (CDS)",False,146.0
109,Katherine,Jimenez,7/19/2015,,Data Scientist,11.0,jeff.reyes@company.com,Engineering,Active,Full-Time,Zone C,Permanent,,,Technical Services,Development,2/1/1997,MA,Data Scientist,Male,62019,Black or African American,Divorced,Fully Meets,2,"Big Data Technologies, Data Analysis and Visualization, Machine Learning, Data Wrangling, Statistical Modeling, Business Acumen","Microsoft Certified: Azure Data Scientist Associate, AWS Certified Data Analytics – Specialty, Certified Data Scientist (CDS), Google Data Analytics Professional Certificate",False,146.0
110,Joseph,Davidson,8/21/2014,,Data Scientist,9.0,frank.lewis@company.com,Engineering,Active,Full-Time,Zone C,Permanent,,,Engineering,Technical Services,25-05-1998,FL,Data Scientist,Non-Binary,32058,Other,Married,Meets,5,"Data Wrangling, Statistical Modeling","Certified Data Scientist (CDS), Google Data Analytics Professional Certificate, AWS Certified Data Analytics – Specialty",False,146.0
111,Clayton,Hughes,5/3/2017,,AI Engineer,17.0,shawn.adams@company.com,Engineering,Active,Full-Time,Zone B,Permanent,,,Executive,Engineering,19-05-2001,CA,AI Engineer,Male,26603,Asian,Divorced,Meets,2,"Deep Learning Frameworks (TensorFlow, PyTorch), Data Preprocessing and Feature Engineering, Natural Language Processing (NLP), Computer Vision","Microsoft Certified: Azure AI Engineer Associate, Deep Learning Specialization by Coursera, AWS Certified Machine Learning – Specialty",False,
112,Daniel,Hampton,10/17/2015,,Machine Learning Engineer,10.0,john.brennan@company.com,Engineering,Active,Full-Time,Zone B,Permanent,,,Development,Engineering,21-07-1998,TX,Machine Learning Engineer,Male,81523,Black or African American,Single,Needs Improvement,5,"Big Data Technologies (Hadoop, Spark), Model Training and Evaluation, Data Visualization Tools (Matplotlib, Seaborn), Model Optimization and Hyperparameter Tuning","Certified Machine Learning Professional, Google Professional Machine Learning Engineer",False,
113,Eric,Cohen,12/6/2011,,DevOps Engineer,11.0,donald.sims@company.com,Engineering,Active,Full-Time,Zone C,Permanent,,,Engineering,Engineering,8/3/1994,FL,DevOps Engineer,Female,20835,Asian,Single,Fully Meets,5,"Containerization (Docker, Kubernetes), Monitoring and Logging Tools, Infrastructure as Code (Terraform, CloudFormation)","Docker Certified Associate, HashiCorp Certified: Terraform Associate, AWS Certified DevOps Engineer, Kubernetes Certified Administrator (CKA)",False,9.0
114,David,Arnold,7/23/2013,,Data Scientist,10.0,martin.guerrero@company.com,Engineering,Active,Full-Time,Zone B,Permanent,,,Executive,Development,7/2/1998,CA,Data Scientist,Non-Binary,75454,Asian,Married,Fully Meets,2,"Data Wrangling, Statistical Modeling, Machine Learning, Business Acumen","Microsoft Certified: Azure Data Scientist Associate, Google Data Analytics Professional Certificate, AWS Certified Data Analytics – Specialty, Certified Data Scientist (CDS)",False,146.0
115,Angela,Williams,10/24/2011,,DevOps Engineer,10.0,timothy.mccarthy@company.com,Engineering,Active,Full-Time,Zone A,Permanent,,,Engineering,Engineering,3/12/2000,NY,DevOps Engineer,Male,79775,Other,Divorced,Meets,1,"Continuous Integration and Continuous Deployment (CI/CD), Collaboration and Communication, Monitoring and Logging Tools","Docker Certified Associate, Kubernetes Certified Administrator (CKA)",False,9.0
116,Jacob,Le,5/18/2015,,Software Developer,8.0,jose.decker@company.com,Engineering,Active,Full-Time,Zone A,Permanent,,,Development,Engineering,5/11/2001,TX,Software Developer,Female,27698,White,Divorced,Exceeds,3,"Database Management (SQL, NoSQL, MongoDB), Version Control Systems (Git, SVN), Agile Development Practices","Microsoft Certified: Azure Developer Associate, Oracle Certified Professional, Java SE, Certified Kubernetes Application Developer (CKAD), AWS Certified Developer – Associate",False,1.0
117,Felicia,Shepherd,5/7/2010,,Machine Learning Engineer,13.0,brett.dickerson@company.com,Engineering,Active,Full-Time,Zone A,Permanent,,,Engineering,Executive,20-02-2000,NY,Machine Learning Engineer,Non-Binary,91388,Hispanic or Latino,Married,Needs Improvement,4,"Big Data Technologies (Hadoop, Spark), Model Optimization and Hyperparameter Tuning, Data Visualization Tools (Matplotlib, Seaborn), Statistical Analysis","AWS Certified Machine Learning – Specialty, TensorFlow Developer Certificate, Google Professional Machine Learning Engineer",False,
118,Shannon,Carr,7/13/2013,,Software Developer,16.0,robert.lawrence@company.com,Engineering,Active,Full-Time,Zone A,Permanent,,,Technical Services,Engineering,2/9/1994,TX,Software Developer,Non-Binary,29514,Other,Married,Needs Improvement,5,"APIs (REST, GraphQL), Testing and Debugging, Programming Languages (Python, Java, C#, JavaScript)","Certified Kubernetes Application Developer (CKAD), Microsoft Certified: Azure Developer Associate",False,1.0
119,Jonathan,Howard,12/17/2016,,AI Engineer,6.0,abigail.howe@company.com,Engineering,Active,Full-Time,Zone C,Permanent,,,Executive,Engineering,24-05-1998,FL,AI Engineer,Male,84350,Black or African American,Widowed,Exceeds,4,"Natural Language Processing (NLP), Model Deployment","Microsoft Certified: Azure AI Engineer Associate, AWS Certified Machine Learning – Specialty",False,
120,Felicia,Baker,9/14/2013,,AI Engineer,9.0,haley.collins@company.com,Engineering,Active,Full-Time,Zone C,Permanent,,,Executive,Engineering,14-05-2001,FL,AI Engineer,Male,34322,Black or African American,Widowed,Exceeds,5,"Machine Learning Algorithms, Deep Learning Frameworks (TensorFlow, PyTorch), Data Preprocessing and Feature Engineering","IBM AI Engineering Professional Certificate, Microsoft Certified: Azure AI Engineer Associate, Deep Learning Specialization by Coursera",False,1.0
121,Sharon,Villarreal,10/13/2016,,Software Developer,12.0,valerie.mccormick@company.com,Engineering,Active,Full-Time,Zone B,Permanent,,,Development,Project Management,27-03-2001,MA,Software Developer,Female,83825,White,Single,Exceeds,4,"Database Management (SQL, NoSQL, MongoDB), Testing and Debugging, Programming Languages (Python, Java, C#, JavaScript), Frameworks (React, Angular, Django, Spring), APIs (REST, GraphQL)","AWS Certified Developer – Associate, Certified Kubernetes Application Developer (CKAD)",False,1.0
122,Jacob,Bradley,12/2/2014,,Software Developer,10.0,melissa.douglas@company.com,Engineering,Active,Full-Time,Zone B,Permanent,,,Executive,Technical Services,5/12/1999,CA,Software Developer,Non-Binary,66821,Asian,Married,Meets,3,"Testing and Debugging, Frameworks (React, Angular, Django, Spring), APIs (REST, GraphQL), Programming Languages (Python, Java, C#, JavaScript), Version Control Systems (Git, SVN), Agile Development Practices, Database Management (SQL, NoSQL, MongoDB)","Oracle Certified Professional, Java SE, AWS Certified Developer – Associate",False,1.0
123,Eric,Barker,5/26/2011,,Machine Learning Engineer,17.0,steven.brooks@company.com,Engineering,Active,Full-Time,Zone A,Permanent,,,Engineering,Executive,25-01-1996,CA,Machine Learning Engineer,Female,35046,Hispanic or Latino,Single,Meets,1,"Data Visualization Tools (Matplotlib, Seaborn), Statistical Analysis","Certified Machine Learning Professional, Google Professional Machine Learning Engineer, AWS Certified Machine Learning – Specialty",False,1.0
124,Carlos,Flores,7/2/2017,,AI Engineer,10.0,nicholas.olson@company.com,Engineering,Active,Full-Time,Zone C,Permanent,,,Engineering,Project Management,21-10-1994,FL,AI Engineer,Male,94308,Other,Widowed,Meets,5,"Model Deployment, Deep Learning Frameworks (TensorFlow, PyTorch)","Microsoft Certified: Azure AI Engineer Associate, Deep Learning Specialization by Coursera, AWS Certified Machine Learning – Specialty",False,1.0
125,Stuart,Pena,11/27/2011,,Data Scientist,9.0,john.brown@company.com,Engineering,Active,Full-Time,Zone A,Permanent,,,Executive,Engineering,21-08-2000,NY,Data Scientist,Non-Binary,17714,Black or African American,Widowed,Fully Meets,3,"Data Analysis and Visualization, Statistical Modeling, Machine Learning, Business Acumen, Data Wrangling","Microsoft Certified: Azure Data Scientist Associate, Google Data Analytics Professional Certificate, Certified Data Scientist (CDS), AWS Certified Data Analytics – Specialty",False,190.0
126,Ashley,Russell,4/2/2016,,Machine Learning Engineer,17.0,daniel.ross@company.com,Engineering,Active,Full-Time,Zone C,Permanent,,,Engineering,Development,24-03-1997,NY,Machine Learning Engineer,Male,84891,Hispanic or Latino,Married,Needs Improvement,1,"Data Visualization Tools (Matplotlib, Seaborn), Big Data Technologies (Hadoop, Spark)","Certified Machine Learning Professional, TensorFlow Developer Certificate",False,1.0
127,Steven,Mcfarland,4/6/2014,,Software Developer,10.0,jessica.chavez@company.com,Engineering,Active,Full-Time,Zone B,Permanent,,,Executive,Development,30-12-2000,FL,Software Developer,Female,92080,Other,Divorced,Meets,5,"Testing and Debugging, Version Control Systems (Git, SVN)","Microsoft Certified: Azure Developer Associate, Certified Kubernetes Application Developer (CKAD), AWS Certified Developer – Associate",False,1.0
128,Peter,Joseph,9/15/2012,,AI Engineer,18.0,alison.powell@company.com,Engineering,Active,Full-Time,Zone C,Permanent,,,Engineering,Engineering,3/11/1997,CA,AI Engineer,Female,57333,Asian,Divorced,Exceeds,1,"Natural Language Processing (NLP), Machine Learning Algorithms, Model Deployment, Data Preprocessing and Feature Engineering","Deep Learning Specialization by Coursera, IBM AI Engineering Professional Certificate, AWS Certified Machine Learning – Specialty",False,1.0
129,Sean,Leonard,9/20/2017,,Software Developer,12.0,kimberly.rowe@company.com,Engineering,Active,Full-Time,Zone A,Permanent,,,Engineering,Project Management,22-02-1996,MA,Software Developer,Female,65619,Other,Single,Needs Improvement,1,"Database Management (SQL, NoSQL, MongoDB), Agile Development Practices, Version Control Systems (Git, SVN), APIs (REST, GraphQL), Frameworks (React, Angular, Django, Spring), Testing and Debugging, Programming Languages (Python, Java, C#, JavaScript)","Microsoft Certified: Azure Developer Associate, Certified Kubernetes Application Developer (CKAD), Oracle Certified Professional, Java SE, AWS Certified Developer – Associate",False,1.0
130,Marvin,Vazquez,9/27/2016,,Data Scientist,15.0,sarah.cox@company.com,Engineering,Active,Full-Time,Zone B,Permanent,,,Executive,Product Management,27-03-1998,NY,Data Scientist,Male,34831,White,Divorced,Exceeds,2,"Machine Learning, Data Analysis and Visualization","Microsoft Certified: Azure Data Scientist Associate, AWS Certified Data Analytics – Specialty",False,190.0
131,Sheila,Woodard,3/27/2016,,Software Developer,9.0,edward.dunlap@company.com,Engineering,Active,Full-Time,Zone C,Permanent,,,Engineering,Engineering,18-04-1997,MA,Software Developer,Non-Binary,25987,Other,Married,Fully Meets,4,"Testing and Debugging, APIs (REST, GraphQL), Frameworks (React, Angular, Django, Spring), Database Management (SQL, NoSQL, MongoDB)","Certified Kubernetes Application Developer (CKAD), Microsoft Certified: Azure Developer Associate",False,1.0
132,Brittany,Snow,5/5/2016,,DevOps Engineer,11.0,caroline.payne@company.com,Engineering,Active,Full-Time,Zone B,Permanent,,,Engineering,Technical Services,30-04-1996,MA,DevOps Engineer,Non-Binary,46545,Asian,Divorced,Meets,4,"Monitoring and Logging Tools, Containerization (Docker, Kubernetes)","Kubernetes Certified Administrator (CKA), Docker Certified Associate, AWS Certified DevOps Engineer, HashiCorp Certified: Terraform Associate",False,9.0
133,Elizabeth,Rodriguez,7/9/2015,,Data Scientist,18.0,alexander.griffin@company.com,Engineering,Active,Full-Time,Zone A,Permanent,,,Development,Engineering,9/5/2000,MA,Data Scientist,Male,99225,Other,Married,Exceeds,2,"Statistical Modeling, Machine Learning","Certified Data Scientist (CDS), Microsoft Certified: Azure Data Scientist Associate, AWS Certified Data Analytics – Specialty",False,190.0
134,Tony,Moore,5/5/2013,,DevOps Engineer,8.0,daniel.allison@company.com,Engineering,Active,Full-Time,Zone A,Permanent,,,Engineering,Project Management,15-12-1993,FL,DevOps Engineer,Non-Binary,48504,Other,Widowed,Meets,4,"Infrastructure as Code (Terraform, CloudFormation), Scripting (Python, Bash)","HashiCorp Certified: Terraform Associate, Docker Certified Associate",False,9.0
135,David,Bowman,6/26/2011,,AI Engineer,12.0,jack.stone@company.com,Engineering,Active,Full-Time,Zone A,Permanent,,,Engineering,Engineering,31-07-1994,NY,AI Engineer,Non-Binary,28100,White,Widowed,Needs Improvement,3,"Natural Language Processing (NLP), Data Preprocessing and Feature Engineering, Computer Vision","IBM AI Engineering Professional Certificate, Deep Learning Specialization by Coursera, AWS Certified Machine Learning – Specialty, Microsoft Certified: Azure AI Engineer Associate",False,1.0
136,Emma,Smith,9/12/2012,,Software Developer,17.0,tami.ramirez@company.com,Engineering,Active,Full-Time,Zone C,Permanent,,,Project Management,Project Management,5/2/1995,MA,Software Developer,Female,23292,Black or African American,Single,Meets,1,"Testing and Debugging, APIs (REST, GraphQL), Frameworks (React, Angular, Django, Spring), Version Control Systems (Git, SVN), Database Management (SQL, NoSQL, MongoDB), Programming Languages (Python, Java, C#, JavaScript)","AWS Certified Developer – Associate, Certified Kubernetes Application Developer (CKAD), Oracle Certified Professional, Java SE",False,1.0
137,Diane,Henry,12/15/2013,,Data Scientist,14.0,wesley.gutierrez@company.com,Engineering,Active,Full-Time,Zone C,Permanent,,,Product Management,Engineering,23-02-1998,MA,Data Scientist,Female,32306,Hispanic or Latino,Divorced,Meets,5,"Data Analysis and Visualization, Machine Learning, Business Acumen, Statistical Modeling, Data Wrangling","AWS Certified Data Analytics – Specialty, Certified Data Scientist (CDS), Microsoft Certified: Azure Data Scientist Associate, Google Data Analytics Professional Certificate",False,190.0
138,Daniel,Hull,12/14/2016,,Machine Learning Engineer,8.0,mark.reynolds@company.com,Engineering,Active,Full-Time,Zone B,Permanent,,,Product Management,Product Management,29-06-2000,NY,Machine Learning Engineer,Non-Binary,88610,Other,Married,Fully Meets,5,"Model Training and Evaluation, Model Optimization and Hyperparameter Tuning, Big Data Technologies (Hadoop, Spark), Statistical Analysis, Programming (Python, R), Data Visualization Tools (Matplotlib, Seaborn)","TensorFlow Developer Certificate, AWS Certified Machine Learning – Specialty, Certified Machine Learning Professional",False,1.0
139,Ashley,Gill,1/1/2011,,Machine Learning Engineer,9.0,john.pena@company.com,Engineering,Active,Full-Time,Zone C,Permanent,,,Project Management,Project Management,28-06-2000,TX,Machine Learning Engineer,Male,56294,Asian,Divorced,Needs Improvement,3,"Data Visualization Tools (Matplotlib, Seaborn), Programming (Python, R), Statistical Analysis","Google Professional Machine Learning Engineer, AWS Certified Machine Learning – Specialty, Certified Machine Learning Professional",False,1.0
140,Tiffany,Allen,12/8/2011,,DevOps Engineer,13.0,timothy.paul@company.com,Engineering,Active,Full-Time,Zone A,Permanent,,,Engineering,Engineering,12/8/1999,MA,DevOps Engineer,Female,78617,Asian,Divorced,Exceeds,2,"Continuous Integration and Continuous Deployment (CI/CD), Collaboration and Communication, Infrastructure as Code (Terraform, CloudFormation)","HashiCorp Certified: Terraform Associate, Docker Certified Associate, Kubernetes Certified Administrator (CKA)",True,9.0
141,Daniel,Osborne,4/6/2015,,Software Developer,7.0,matthew.washington@company.com,Engineering,Active,Full-Time,Zone B,Permanent,,,Engineering,Development,17-11-1996,TX,Software Developer,Male,77010,Other,Married,Needs Improvement,4,"Database Management (SQL, NoSQL, MongoDB), Programming Languages (Python, Java, C#, JavaScript), Agile Development Practices, Frameworks (React, Angular, Django, Spring), Testing and Debugging","Certified Kubernetes Application Developer (CKAD), Microsoft Certified: Azure Developer Associate, AWS Certified Developer – Associate",False,1.0
142,Ashley,Harris,12/30/2013,,Machine Learning Engineer,9.0,craig.clark@company.com,Engineering,Active,Full-Time,Zone A,Permanent,,,Engineering,Engineering,27-11-1999,NY,Machine Learning Engineer,Non-Binary,59008,Hispanic or Latino,Single,Exceeds,4,"Data Visualization Tools (Matplotlib, Seaborn), Programming (Python, R)","Certified Machine Learning Professional, AWS Certified Machine Learning – Specialty, TensorFlow Developer Certificate",False,1.0
143,Nicole,Archer,9/12/2013,,Data Scientist,8.0,justin.mendoza@company.com,Engineering,Active,Full-Time,Zone B,Permanent,,,Product Management,Technical Services,22-11-1995,TX,Data Scientist,Male,29553,Asian,Divorced,Meets,5,"Machine Learning, Data Analysis and Visualization","AWS Certified Data Analytics – Specialty, Google Data Analytics Professional Certificate",False,146.0
144,Barbara,Dodson,12/5/2010,,Software Developer,19.0,katherine.lowery@company.com,Engineering,Active,Full-Time,Zone C,Permanent,,,Engineering,Executive,20-12-2000,FL,Software Developer,Non-Binary,61327,Hispanic or Latino,Single,Needs Improvement,5,"Database Management (SQL, NoSQL, MongoDB), Testing and Debugging, Agile Development Practices, Frameworks (React, Angular, Django, Spring), APIs (REST, GraphQL)","Microsoft Certified: Azure Developer Associate, Oracle Certified Professional, Java SE, AWS Certified Developer – Associate, Certified Kubernetes Application Developer (CKAD)",False,
145,Jerome,Thompson,5/12/2013,,DevOps Engineer,9.0,abigail.dixon@company.com,Engineering,Active,Full-Time,Zone B,Permanent,,,Executive,Engineering,14-04-1999,NY,DevOps Engineer,Non-Binary,30320,White,Widowed,Fully Meets,4,"Scripting (Python, Bash), Monitoring and Logging Tools, Continuous Integration and Continuous Deployment (CI/CD)","Docker Certified Associate, AWS Certified DevOps Engineer",False,9.0
146,Brandi,Berg,3/23/2010,,Data Scientist,8.0,michael.adams@company.com,Engineering,Active,Full-Time,Zone C,Permanent,,,Executive,Product Management,13-03-2000,TX,Data Scientist,Male,55764,Hispanic or Latino,Divorced,Meets,1,"Data Analysis and Visualization, Statistical Modeling, Data Wrangling, Business Acumen","Microsoft Certified: Azure Data Scientist Associate, Google Data Analytics Professional Certificate, AWS Certified Data Analytics – Specialty, Certified Data Scientist (CDS)",True,
147,Amanda,Herman,12/15/2016,,AI Engineer,15.0,patricia.snyder@company.com,Engineering,Active,Full-Time,Zone A,Permanent,,,Development,Product Management,24-02-1997,TX,AI Engineer,Male,20633,Asian,Married,Meets,1,"Data Preprocessing and Feature Engineering, Model Deployment, Computer Vision, Deep Learning Frameworks (TensorFlow, PyTorch), Natural Language Processing (NLP)","Deep Learning Specialization by Coursera, Microsoft Certified: Azure AI Engineer Associate, IBM AI Engineering Professional Certificate",False,1.0
148,Christine,Bishop,12/3/2014,,Software Developer,9.0,alex.allen@company.com,Engineering,Active,Full-Time,Zone B,Permanent,,,Executive,Engineering,22-04-1995,NY,Software Developer,Female,97788,Other,Widowed,Exceeds,1,"Database Management (SQL, NoSQL, MongoDB), Testing and Debugging","Oracle Certified Professional, Java SE, AWS Certified Developer – Associate, Microsoft Certified: Azure Developer Associate, Certified Kubernetes Application Developer (CKAD)",False,1.0
149,Tammy,Chapman,11/16/2009,,Data Scientist,13.0,scott.ramirez@company.com,Engineering,Active,Full-Time,Zone C,Permanent,,,Engineering,Executive,2/12/1995,CA,Data Scientist,Non-Binary,24206,Hispanic or Latino,Single,Meets,3,"Machine Learning, Business Acumen, Data Wrangling, Statistical Modeling, Big Data Technologies","Google Data Analytics Professional Certificate, AWS Certified Data Analytics – Specialty",True,10.0
150,David,Williams,7/10/2015,,DevOps Engineer,18.0,emily.ross@company.com,Engineering,Active,Full-Time,Zone C,Permanent,,,Engineering,Engineering,1/6/1999,TX,DevOps Engineer,Male,40807,Hispanic or Latino,Married,Exceeds,4,"Monitoring and Logging Tools, Scripting (Python, Bash), Continuous Integration and Continuous Deployment (CI/CD)","AWS Certified DevOps Engineer, Kubernetes Certified Administrator (CKA), HashiCorp Certified: Terraform Associate, Docker Certified Associate",False,9.0
151,Teresa,Cohen,4/26/2017,,Data Scientist,10.0,robert.williams@company.com,Engineering,Active,Full-Time,Zone C,Permanent,,,Technical Services,Executive,31-07-1997,MA,Data Scientist,Female,20178,Black or African American,Divorced,Fully Meets,2,"Data Wrangling, Data Analysis and Visualization","Microsoft Certified: Azure Data Scientist Associate, Certified Data Scientist (CDS)",False,149.0
152,David,Moore,9/21/2011,,Machine Learning Engineer,7.0,vernon.gray@company.com,Engineering,Active,Full-Time,Zone B,Permanent,,,Development,Project Management,7/4/1997,MA,Machine Learning Engineer,Non-Binary,13843,Black or African American,Widowed,Exceeds,4,"Model Optimization and Hyperparameter Tuning, Big Data Technologies (Hadoop, Spark), Model Training and Evaluation, Statistical Analysis","TensorFlow Developer Certificate, Certified Machine Learning Professional",True,1.0
153,Gregory,Hart,10/4/2012,,Software Developer,17.0,ana.washington@company.com,Engineering,Active,Full-Time,Zone C,Permanent,,,Engineering,Development,25-07-1999,NY,Software Developer,Female,44200,Black or African American,Widowed,Fully Meets,5,"APIs (REST, GraphQL), Frameworks (React, Angular, Django, Spring), Database Management (SQL, NoSQL, MongoDB)","Oracle Certified Professional, Java SE, Certified Kubernetes Application Developer (CKAD), Microsoft Certified: Azure Developer Associate",False,1.0
154,Keith,Price,10/22/2009,,AI Engineer,6.0,ryan.morales@company.com,Engineering,Active,Full-Time,Zone C,Permanent,,,Engineering,Executive,13-05-2000,TX,AI Engineer,Female,30181,Other,Widowed,Needs Improvement,1,"Deep Learning Frameworks (TensorFlow, PyTorch), Natural Language Processing (NLP), Model Deployment, Computer Vision, Machine Learning Algorithms, Data Preprocessing and Feature Engineering","AWS Certified Machine Learning – Specialty, Deep Learning Specialization by Coursera",True,1.0
155,Dawn,Zuniga,4/18/2015,,Data Scientist,18.0,elizabeth.anderson@company.com,Engineering,Active,Full-Time,Zone C,Permanent,,,Development,Engineering,19-01-1999,FL,Data Scientist,Female,24117,Hispanic or Latino,Single,Fully Meets,3,"Data Wrangling, Big Data Technologies, Business Acumen, Data Analysis and Visualization, Statistical Modeling, Machine Learning","Certified Data Scientist (CDS), Microsoft Certified: Azure Data Scientist Associate, Google Data Analytics Professional Certificate",False,149.0
156,Jennifer,Hicks,2/13/2017,,AI Engineer,19.0,alexandra.martin@company.com,Engineering,Active,Full-Time,Zone B,Permanent,,,Product Management,Product Management,15-07-2002,CA,AI Engineer,Male,19086,Other,Divorced,Needs Improvement,2,"Computer Vision, Natural Language Processing (NLP), Deep Learning Frameworks (TensorFlow, PyTorch)","Deep Learning Specialization by Coursera, Microsoft Certified: Azure AI Engineer Associate, AWS Certified Machine Learning – Specialty, IBM AI Engineering Professional Certificate",False,152.0
157,Michael,Ward,8/13/2012,,Machine Learning Engineer,11.0,anthony.fisher@company.com,Engineering,Active,Full-Time,Zone C,Permanent,,,Project Management,Executive,8/3/1998,FL,Machine Learning Engineer,Male,68737,Black or African American,Divorced,Fully Meets,3,"Statistical Analysis, Data Visualization Tools (Matplotlib, Seaborn), Model Optimization and Hyperparameter Tuning, Programming (Python, R)","TensorFlow Developer Certificate, Google Professional Machine Learning Engineer, AWS Certified Machine Learning – Specialty",False,152.0
158,Stephen,Moore,12/5/2015,,AI Engineer,6.0,sandra.hernandez@company.com,Engineering,Active,Full-Time,Zone C,Permanent,,,Project Management,Technical Services,20-11-1993,CA,AI Engineer,Female,98304,White,Widowed,Fully Meets,3,"Deep Learning Frameworks (TensorFlow, PyTorch), Model Deployment","AWS Certified Machine Learning – Specialty, IBM AI Engineering Professional Certificate, Microsoft Certified: Azure AI Engineer Associate",False,152.0
159,Keith,Ellison,3/25/2017,,AI Engineer,8.0,riley.vazquez@company.com,Engineering,Active,Full-Time,Zone B,Permanent,,,Executive,Engineering,7/2/1999,CA,AI Engineer,Non-Binary,42639,White,Married,Exceeds,5,"Machine Learning Algorithms, Model Deployment","AWS Certified Machine Learning – Specialty, Microsoft Certified: Azure AI Engineer Associate, Deep Learning Specialization by Coursera",False,152.0
160,Jennifer,Jones,9/2/2011,,DevOps Engineer,20.0,charles.morgan@company.com,Engineering,Active,Full-Time,Zone B,Permanent,,,Engineering,Technical Services,10/3/1994,NY,DevOps Engineer,Female,59470,Hispanic or Latino,Divorced,Needs Improvement,5,"Continuous Integration and Continuous Deployment (CI/CD), Containerization (Docker, Kubernetes), Collaboration and Communication, Scripting (Python, Bash), Monitoring and Logging Tools","HashiCorp Certified: Terraform Associate, Kubernetes Certified Administrator (CKA), Docker Certified Associate, AWS Certified DevOps Engineer",False,
161,Jacob,Castro,2/6/2011,,AI Engineer,13.0,joseph.black@company.com,Engineering,Active,Full-Time,Zone C,Permanent,,,Executive,Engineering,8/1/2000,NY,AI Engineer,Non-Binary,94251,Hispanic or Latino,Divorced,Needs Improvement,1,"Deep Learning Frameworks (TensorFlow, PyTorch), Data Preprocessing and Feature Engineering, Natural Language Processing (NLP), Machine Learning Algorithms, Computer Vision","Microsoft Certified: Azure AI Engineer Associate, IBM AI Engineering Professional Certificate, AWS Certified Machine Learning – Specialty",False,1.0
162,Elizabeth,Fowler,2/27/2015,,Software Developer,8.0,angela.marks@company.com,Engineering,Active,Full-Time,Zone B,Permanent,,,Product Management,Engineering,26-10-2000,TX,Software Developer,Non-Binary,30692,White,Widowed,Fully Meets,4,"APIs (REST, GraphQL), Agile Development Practices, Version Control Systems (Git, SVN), Frameworks (React, Angular, Django, Spring)","Certified Kubernetes Application Developer (CKAD), Microsoft Certified: Azure Developer Associate, Oracle Certified Professional, Java SE, AWS Certified Developer – Associate",False,1.0
163,Danielle,Bailey,8/3/2014,,AI Engineer,15.0,joe.perry@company.com,Engineering,Active,Full-Time,Zone C,Permanent,,,Engineering,Executive,29-08-1998,CA,AI Engineer,Non-Binary,12738,Hispanic or Latino,Married,Meets,5,"Machine Learning Algorithms, Natural Language Processing (NLP), Deep Learning Frameworks (TensorFlow, PyTorch)","Microsoft Certified: Azure AI Engineer Associate, AWS Certified Machine Learning – Specialty",False,152.0
164,Melissa,Baker,6/27/2016,,Data Scientist,8.0,carlos.thompson@company.com,Engineering,Active,Full-Time,Zone B,Permanent,,,Technical Services,Executive,18-08-1996,NY,Data Scientist,Non-Binary,19031,White,Single,Meets,4,"Business Acumen, Machine Learning","Microsoft Certified: Azure Data Scientist Associate, Google Data Analytics Professional Certificate, AWS Certified Data Analytics – Specialty",False,149.0
165,Wendy,Tucker,11/2/2010,,Data Scientist,18.0,patricia.jackson@company.com,Engineering,Active,Full-Time,Zone B,Permanent,,,Executive,Development,4/5/2001,MA,Data Scientist,Male,67530,Black or African American,Married,Meets,5,"Big Data Technologies, Statistical Modeling, Machine Learning","Microsoft Certified: Azure Data Scientist Associate, Certified Data Scientist (CDS), AWS Certified Data Analytics – Specialty, Google Data Analytics Professional Certificate",False,
166,Russell,Snyder,8/10/2011,,DevOps Engineer,7.0,jessica.wallace@company.com,Engineering,Active,Full-Time,Zone B,Permanent,,,Engineering,Executive,19-05-1998,FL,DevOps Engineer,Male,98515,White,Married,Needs Improvement,2,"Continuous Integration and Continuous Deployment (CI/CD), Scripting (Python, Bash), Infrastructure as Code (Terraform, CloudFormation), Collaboration and Communication","Docker Certified Associate, HashiCorp Certified: Terraform Associate",False,
167,Donald,Page,10/5/2017,,DevOps Engineer,11.0,mary.gamble@company.com,Engineering,Active,Full-Time,Zone A,Permanent,,,Product Management,Development,24-01-2002,TX,DevOps Engineer,Female,81207,Hispanic or Latino,Married,Meets,2,"Collaboration and Communication, Containerization (Docker, Kubernetes), Infrastructure as Code (Terraform, CloudFormation), Monitoring and Logging Tools, Scripting (Python, Bash)","Kubernetes Certified Administrator (CKA), AWS Certified DevOps Engineer, Docker Certified Associate",False,9.0
168,Darrell,Green,1/1/2013,,DevOps Engineer,10.0,jason.perez@company.com,Engineering,Active,Full-Time,Zone A,Permanent,,,Executive,Project Management,8/7/2001,MA,DevOps Engineer,Non-Binary,21143,Hispanic or Latino,Divorced,Exceeds,5,"Infrastructure as Code (Terraform, CloudFormation), Collaboration and Communication, Continuous Integration and Continuous Deployment (CI/CD), Monitoring and Logging Tools, Scripting (Python, Bash), Containerization (Docker, Kubernetes)","AWS Certified DevOps Engineer, Docker Certified Associate",False,1.0
169,Emily,Wright,1/28/2016,,AI Engineer,12.0,derrick.barnes@company.com,Engineering,Active,Full-Time,Zone C,Permanent,,,Executive,Engineering,21-08-1996,CA,AI Engineer,Female,78082,Asian,Divorced,Needs Improvement,4,"Computer Vision, Model Deployment, Machine Learning Algorithms","Microsoft Certified: Azure AI Engineer Associate, AWS Certified Machine Learning – Specialty",False,152.0
170,Rodney,Adams,11/13/2011,,Machine Learning Engineer,10.0,jennifer.lee@company.com,Engineering,Active,Full-Time,Zone B,Permanent,,,Engineering,Development,20-01-1996,MA,Machine Learning Engineer,Female,24890,Hispanic or Latino,Single,Needs Improvement,5,"Statistical Analysis, Model Training and Evaluation, Data Visualization Tools (Matplotlib, Seaborn), Programming (Python, R), Big Data Technologies (Hadoop, Spark)","AWS Certified Machine Learning – Specialty, TensorFlow Developer Certificate",False,152.0
171,Angelica,Wallace,10/31/2016,,Machine Learning Engineer,12.0,sheila.greene@company.com,Engineering,Active,Full-Time,Zone B,Permanent,,,Executive,Product Management,16-09-1998,CA,Machine Learning Engineer,Female,85390,Black or African American,Divorced,Fully Meets,3,"Programming (Python, R), Model Optimization and Hyperparameter Tuning, Statistical Analysis, Big Data Technologies (Hadoop, Spark), Model Training and Evaluation","Certified Machine Learning Professional, Google Professional Machine Learning Engineer, TensorFlow Developer Certificate",False,152.0
172,Lisa,Washington,11/3/2015,,Software Developer,17.0,sandra.lee@company.com,Engineering,Active,Full-Time,Zone A,Permanent,,,Engineering,Executive,10/3/1996,TX,Software Developer,Female,16479,Black or African American,Single,Fully Meets,5,"APIs (REST, GraphQL), Frameworks (React, Angular, Django, Spring), Database Management (SQL, NoSQL, MongoDB), Agile Development Practices","AWS Certified Developer – Associate, Microsoft Certified: Azure Developer Associate",False,1.0
173,Sarah,Morgan,3/1/2011,,AI Engineer,13.0,sara.james@company.com,Engineering,Active,Full-Time,Zone A,Permanent,,,Engineering,Engineering,3/8/2000,MA,AI Engineer,Female,74608,White,Widowed,Needs Improvement,5,"Machine Learning Algorithms, Data Preprocessing and Feature Engineering","Deep Learning Specialization by Coursera, IBM AI Engineering Professional Certificate, Microsoft Certified: Azure AI Engineer Associate",False,
174,Dave,White,9/6/2010,,AI Engineer,9.0,richard.tran@company.com,Engineering,Active,Full-Time,Zone C,Permanent,,,Engineering,Executive,24-12-1996,NY,AI Engineer,Female,16330,Black or African American,Married,Needs Improvement,2,"Data Preprocessing and Feature Engineering, Computer Vision, Deep Learning Frameworks (TensorFlow, PyTorch), Model Deployment","Deep Learning Specialization by Coursera, AWS Certified Machine Learning – Specialty, Microsoft Certified: Azure AI Engineer Associate, IBM AI Engineering Professional Certificate",False,
175,Douglas,Bates,5/30/2014,,AI Engineer,20.0,kristy.vance@company.com,Engineering,Active,Full-Time,Zone B,Permanent,,,Project Management,Engineering,12/11/1994,MA,AI Engineer,Female,14422,White,Single,Exceeds,3,"Model Deployment, Machine Learning Algorithms, Data Preprocessing and Feature Engineering, Natural Language Processing (NLP), Computer Vision","AWS Certified Machine Learning – Specialty, Deep Learning Specialization by Coursera",False,1.0
176,Tara,Gordon,1/8/2012,,Data Scientist,11.0,scott.pineda@company.com,Engineering,Active,Full-Time,Zone A,Permanent,,,Engineering,Engineering,10/9/2002,FL,Data Scientist,Non-Binary,26169,Hispanic or Latino,Single,Needs Improvement,2,"Data Wrangling, Statistical Modeling, Data Analysis and Visualization, Big Data Technologies, Machine Learning","Microsoft Certified: Azure Data Scientist Associate, Google Data Analytics Professional Certificate, Certified Data Scientist (CDS), AWS Certified Data Analytics – Specialty",False,149.0
177,Jeremy,Goodman,6/15/2016,,DevOps Engineer,12.0,laura.phillips@company.com,Engineering,Active,Full-Time,Zone B,Permanent,,,Engineering,Executive,12/11/1993,MA,DevOps Engineer,Female,64002,Asian,Married,Meets,2,"Scripting (Python, Bash), Collaboration and Communication, Infrastructure as Code (Terraform, CloudFormation), Containerization (Docker, Kubernetes), Monitoring and Logging Tools","Docker Certified Associate, HashiCorp Certified: Terraform Associate, AWS Certified DevOps Engineer, Kubernetes Certified Administrator (CKA)",False,9.0
178,Robert,Martinez,6/20/2013,,Software Developer,16.0,tracey.collins@company.com,Engineering,Active,Full-Time,Zone C,Permanent,,,Development,Engineering,2/7/2001,FL,Software Developer,Male,58825,Other,Divorced,Fully Meets,1,"Database Management (SQL, NoSQL, MongoDB), APIs (REST, GraphQL), Testing and Debugging, Agile Development Practices, Version Control Systems (Git, SVN), Frameworks (React, Angular, Django, Spring)","Certified Kubernetes Application Developer (CKAD), Microsoft Certified: Azure Developer Associate, AWS Certified Developer – Associate",False,1.0
179,Mary,Lopez,7/1/2010,,AI Engineer,19.0,robert.hughes@company.com,Engineering,Active,Full-Time,Zone A,Permanent,,,Engineering,Engineering,3/12/1994,CA,AI Engineer,Male,47721,White,Married,Exceeds,1,"Machine Learning Algorithms, Computer Vision, Data Preprocessing and Feature Engineering, Natural Language Processing (NLP), Deep Learning Frameworks (TensorFlow, PyTorch)","Deep Learning Specialization by Coursera, IBM AI Engineering Professional Certificate, AWS Certified Machine Learning – Specialty",False,
180,Megan,Douglas,7/6/2017,,Data Scientist,7.0,jonathan.cannon@company.com,Engineering,Active,Full-Time,Zone B,Permanent,,,Project Management,Product Management,16-12-1994,NY,Data Scientist,Female,25060,Black or African American,Widowed,Meets,1,"Data Wrangling, Machine Learning, Statistical Modeling, Big Data Technologies","AWS Certified Data Analytics – Specialty, Google Data Analytics Professional Certificate, Certified Data Scientist (CDS)",False,149.0
181,Jose,Berry,8/28/2014,,DevOps Engineer,18.0,michael.glover@company.com,Engineering,Active,Full-Time,Zone A,Permanent,,,Engineering,Executive,26-09-2001,TX,DevOps Engineer,Male,49037,Black or African American,Single,Fully Meets,3,"Collaboration and Communication, Scripting (Python, Bash), Infrastructure as Code (Terraform, CloudFormation), Monitoring and Logging Tools, Containerization (Docker, Kubernetes), Continuous Integration and Continuous Deployment (CI/CD)","Docker Certified Associate, Kubernetes Certified Administrator (CKA)",False,1.0
182,Dawn,Howe,11/11/2009,,Software Developer,16.0,eric.cochran@company.com,Engineering,Active,Full-Time,Zone B,Permanent,,,Engineering,Technical Services,2/8/2000,FL,Software Developer,Male,43013,White,Divorced,Exceeds,2,"Programming Languages (Python, Java, C#, JavaScript), Database Management (SQL, NoSQL, MongoDB), APIs (REST, GraphQL)","Microsoft Certified: Azure Developer Associate, Oracle Certified Professional, Java SE, Certified Kubernetes Application Developer (CKAD), AWS Certified Developer – Associate",False,
183,Adam,Webb,8/4/2013,,Software Developer,15.0,karl.hill@company.com,Engineering,Active,Full-Time,Zone C,Permanent,,,Engineering,Development,30-12-1994,NY,Software Developer,Male,89348,White,Widowed,Exceeds,3,"Frameworks (React, Angular, Django, Spring), Agile Development Practices, Programming Languages (Python, Java, C#, JavaScript)","AWS Certified Developer – Associate, Oracle Certified Professional, Java SE, Microsoft Certified: Azure Developer Associate",False,1.0
184,Hunter,Wilson,12/25/2011,,AI Engineer,20.0,julie.johnson@company.com,Engineering,Active,Full-Time,Zone A,Permanent,,,Engineering,Technical Services,14-11-1995,NY,AI Engineer,Male,90475,Black or African American,Married,Exceeds,2,"Computer Vision, Deep Learning Frameworks (TensorFlow, PyTorch), Natural Language Processing (NLP), Model Deployment","AWS Certified Machine Learning – Specialty, IBM AI Engineering Professional Certificate, Microsoft Certified: Azure AI Engineer Associate",False,1.0
185,Joseph,Nelson,11/8/2015,,AI Engineer,7.0,james.barajas@company.com,Engineering,Active,Full-Time,Zone A,Permanent,,,Engineering,Engineering,17-03-1995,TX,AI Engineer,Non-Binary,66689,Black or African American,Single,Fully Meets,2,"Computer Vision, Model Deployment","Microsoft Certified: Azure AI Engineer Associate, IBM AI Engineering Professional Certificate",False,1.0
186,Margaret,Rhodes,8/24/2017,,Data Scientist,9.0,stephanie.herrera@company.com,Engineering,Active,Full-Time,Zone A,Permanent,,,Engineering,Engineering,3/2/1995,CA,Data Scientist,Non-Binary,80689,Black or African American,Widowed,Meets,1,"Machine Learning, Data Analysis and Visualization, Statistical Modeling, Business Acumen, Data Wrangling, Big Data Technologies","AWS Certified Data Analytics – Specialty, Google Data Analytics Professional Certificate, Microsoft Certified: Azure Data Scientist Associate, Certified Data Scientist (CDS)",False,149.0
187,Stacy,Miller,9/11/2015,,AI Engineer,9.0,bradley.shelton@company.com,Engineering,Active,Full-Time,Zone C,Permanent,,,Project Management,Project Management,26-08-2002,MA,AI Engineer,Female,51793,Hispanic or Latino,Single,Exceeds,3,"Deep Learning Frameworks (TensorFlow, PyTorch), Data Preprocessing and Feature Engineering, Machine Learning Algorithms, Computer Vision","Microsoft Certified: Azure AI Engineer Associate, AWS Certified Machine Learning – Specialty, Deep Learning Specialization by Coursera, IBM AI Engineering Professional Certificate",False,1.0
188,Christopher,Morris,1/28/2011,,AI Engineer,7.0,ashley.hayden@company.com,Engineering,Active,Full-Time,Zone A,Permanent,,,Development,Product Management,25-10-1996,TX,AI Engineer,Female,53494,Black or African American,Married,Fully Meets,3,"Machine Learning Algorithms, Data Preprocessing and Feature Engineering, Model Deployment","IBM AI Engineering Professional Certificate, AWS Certified Machine Learning – Specialty",False,
189,Louis,Davis,11/22/2013,,Software Developer,7.0,savannah.walker@company.com,Engineering,Active,Full-Time,Zone B,Permanent,,,Engineering,Technical Services,16-11-2000,FL,Software Developer,Non-Binary,16240,Black or African American,Single,Exceeds,2,"APIs (REST, GraphQL), Testing and Debugging, Agile Development Practices, Frameworks (React, Angular, Django, Spring), Database Management (SQL, NoSQL, MongoDB), Programming Languages (Python, Java, C#, JavaScript)","AWS Certified Developer – Associate, Oracle Certified Professional, Java SE, Certified Kubernetes Application Developer (CKAD)",False,1.0
190,Edward,Becker,11/4/2009,,Data Scientist,15.0,victor.allen@company.com,Engineering,Active,Full-Time,Zone C,Permanent,,,Engineering,Development,4/5/2000,FL,Data Scientist,Non-Binary,47667,Black or African American,Divorced,Fully Meets,5,"Statistical Modeling, Data Analysis and Visualization","AWS Certified Data Analytics – Specialty, Google Data Analytics Professional Certificate, Microsoft Certified: Azure Data Scientist Associate",True,
191,Matthew,Cruz,3/27/2014,,Machine Learning Engineer,14.0,raymond.schroeder@company.com,Engineering,Active,Full-Time,Zone C,Permanent,,,Development,Engineering,6/3/1996,TX,Machine Learning Engineer,Non-Binary,51861,Black or African American,Divorced,Exceeds,4,"Programming (Python, R), Statistical Analysis","TensorFlow Developer Certificate, AWS Certified Machine Learning – Specialty",False,1.0
192,Debra,Cook,1/12/2011,,DevOps Engineer,11.0,aaron.anderson@company.com,Engineering,Active,Full-Time,Zone A,Permanent,,,Engineering,Product Management,17-07-1997,CA,DevOps Engineer,Male,89905,Asian,Divorced,Fully Meets,4,"Monitoring and Logging Tools, Containerization (Docker, Kubernetes)","AWS Certified DevOps Engineer, Kubernetes Certified Administrator (CKA)",False,
193,Patricia,Pittman,1/9/2011,,AI Engineer,10.0,brian.joseph@company.com,Engineering,Active,Full-Time,Zone A,Permanent,,,Executive,Engineering,17-01-2000,MA,AI Engineer,Non-Binary,25742,Asian,Widowed,Needs Improvement,4,"Data Preprocessing and Feature Engineering, Computer Vision, Machine Learning Algorithms, Deep Learning Frameworks (TensorFlow, PyTorch), Natural Language Processing (NLP)","IBM AI Engineering Professional Certificate, Microsoft Certified: Azure AI Engineer Associate",False,
194,Diana,Chapman,3/4/2013,,Data Scientist,11.0,curtis.mathis@company.com,Engineering,Active,Full-Time,Zone C,Permanent,,,Executive,Engineering,7/4/1996,CA,Data Scientist,Female,31601,Black or African American,Married,Fully Meets,4,"Business Acumen, Machine Learning, Statistical Modeling, Data Analysis and Visualization, Data Wrangling, Big Data Technologies","Microsoft Certified: Azure Data Scientist Associate, Certified Data Scientist (CDS)",False,190.0
195,Angela,Freeman,3/12/2014,,Data Scientist,18.0,donna.lee@company.com,Engineering,Active,Full-Time,Zone A,Permanent,,,Executive,Development,15-06-2002,CA,Data Scientist,Female,81904,Hispanic or Latino,Divorced,Needs Improvement,4,"Statistical Modeling, Data Wrangling, Machine Learning, Business Acumen, Data Analysis and Visualization, Big Data Technologies","Certified Data Scientist (CDS), Google Data Analytics Professional Certificate",False,
196,Tamara,Crawford,1/22/2010,,Data Scientist,13.0,stephanie.holder@company.com,Engineering,Active,Full-Time,Zone B,Permanent,,,Development,Executive,21-02-1995,TX,Data Scientist,Male,58130,White,Divorced,Fully Meets,4,"Business Acumen, Big Data Technologies, Data Analysis and Visualization, Machine Learning, Data Wrangling","AWS Certified Data Analytics – Specialty, Certified Data Scientist (CDS), Microsoft Certified: Azure Data Scientist Associate, Google Data Analytics Professional Certificate",True,
197,Alan,Anderson,2/4/2017,,Data Scientist,17.0,kevin.morris@company.com,Engineering,Active,Full-Time,Zone B,Permanent,,,Project Management,Engineering,29-05-2001,NY,Data Scientist,Female,60280,White,Widowed,Exceeds,4,"Statistical Modeling, Data Wrangling, Data Analysis and Visualization, Big Data Technologies, Machine Learning, Business Acumen","Google Data Analytics Professional Certificate, Certified Data Scientist (CDS)",False,
198,Marisa,Anthony,7/4/2015,,AI Engineer,9.0,candace.conrad@company.com,Engineering,Active,Full-Time,Zone B,Permanent,,,Development,Engineering,4/4/1999,FL,AI Engineer,Male,98781,Asian,Divorced,Needs Improvement,2,"Computer Vision, Data Preprocessing and Feature Engineering","Deep Learning Specialization by Coursera, IBM AI Engineering Professional Certificate, Microsoft Certified: Azure AI Engineer Associate, AWS Certified Machine Learning – Specialty",False,1.0
199,Kendra,Galloway,1/19/2015,,DevOps Engineer,16.0,stephanie.white@company.com,Engineering,Active,Full-Time,Zone C,Permanent,,,Project Management,Project Management,30-12-1998,CA,DevOps Engineer,Male,87104,Other,Widowed,Meets,4,"Continuous Integration and Continuous Deployment (CI/CD), Containerization (Docker, Kubernetes), Collaboration and Communication, Scripting (Python, Bash)","Docker Certified Associate, Kubernetes Certified Administrator (CKA)",False,9.0
200,Jeffrey,Esparza,5/22/2010,,Data Scientist,6.0,adam.ryan@company.com,Engineering,Active,Full-Time,Zone A,Permanent,,,Engineering,Engineering,23-01-2000,NY,Data Scientist,Male,62927,Other,Divorced,Needs Improvement,1,"Business Acumen, Data Wrangling, Big Data Technologies, Machine Learning","Certified Data Scientist (CDS), Google Data Analytics Professional Certificate, Microsoft Certified: Azure Data Scientist Associate",False,190.0
